danceability,energy,loudness,speechiness,acousticness,instrumentalness,liveness,valence,tempo,mood
0.774,0.783,-4.247,0.0857,0.0173,0.0,0.19,0.206,93.959,Energetic
0.738,0.352,-8.681,0.0796,0.49,0.0,0.148,0.502,80.998,Chill
0.835,0.451,-7.651,0.159,0.578,0.0,0.0986,0.413,110.038,Sad
0.701,0.559,-7.559,0.0472,0.0519,0.0,0.497,0.316,139.987,Sad
0.45,0.842,-3.602,0.102,0.0171,0.0,0.377,0.885,172.069,Happy
0.42,0.924,-8.508,0.0946,0.0023,7.42e-05,0.4,0.342,130.119,Energetic
0.69,0.726,-4.726,0.0878,0.0169,0.0,0.0904,0.779,123.028,Happy
0.782,0.847,-11.074,0.0554,0.00496,0.921,0.0999,0.409,97.982,Energetic
0.442,0.47,-8.441,0.0553,0.885,2.64e-05,0.119,0.154,76.639,Sad
0.72,0.459,-8.81,0.376,0.148,0.0,0.214,0.583,92.384,Chill
0.636,0.606,-10.306,0.328,0.0567,0.0,0.0841,0.517,168.029,Chill
0.586,0.46,-12.222,0.0409,0.759,0.000134,0.292,0.51,171.81,Chill
0.442,0.737,-5.046,0.109,0.0589,0.0,0.102,0.21,112.93,Energetic
0.635,0.673,-6.188,0.0478,0.561,0.0,0.0992,0.663,97.904,Happy
0.709,0.769,-4.366,0.0826,0.034,2.08e-06,0.0703,0.611,94.026,Happy
0.482,0.436,-14.612,0.0273,0.0101,0.5,0.156,0.0697,86.007,Sad
0.56,0.913,-7.405,0.0313,0.00226,0.043,0.117,0.563,125.998,Happy
0.563,0.859,-9.116,0.0444,0.000119,0.0131,0.418,0.865,130.048,Happy
0.669,0.723,-5.113,0.0542,0.265,0.0,0.0788,0.243,130.013,Energetic
0.81,0.798,-5.798,0.0388,0.00502,3.51e-05,0.104,0.916,121.987,Happy
0.766,0.871,-6.272,0.0406,0.00301,0.788,0.0708,0.142,128.001,Energetic
0.654,0.415,-14.091,0.0465,0.891,1.01e-05,0.104,0.19,128.027,Sad
0.411,0.764,-4.768,0.0573,0.0841,0.0,0.0545,0.412,123.635,Energetic
0.713,0.347,-11.871,0.0576,0.838,0.937,0.111,0.372,84.007,Sad
0.645,0.721,-3.633,0.0418,0.177,0.0,0.113,0.691,170.011,Happy
0.362,0.207,-11.57,0.0296,0.903,0.0,0.115,0.156,149.662,Sad
0.747,0.78,-6.262,0.415,0.286,7.29e-06,0.132,0.625,142.913,Happy
0.774,0.907,-5.919,0.0514,0.0865,0.0021,0.65,0.691,111.015,Happy
0.637,0.831,-7.601,0.151,0.00593,0.007,0.395,0.173,127.998,Energetic
0.681,0.61,-9.629,0.0413,0.432,0.00158,0.144,0.121,104.995,Sad
0.625,0.63,-8.985,0.431,0.306,0.0,0.0773,0.121,110.96,Sad
0.515,0.775,-4.612,0.0871,0.162,0.0,0.361,0.613,176.002,Happy
0.639,0.631,-7.555,0.0381,0.523,0.0,0.109,0.391,142.907,Sad
0.794,0.819,-5.494,0.0787,0.0647,0.0,0.335,0.788,109.991,Happy
0.426,0.243,-14.948,0.0323,0.636,0.0349,0.103,0.243,79.633,Sad
0.692,0.49,-6.077,0.0464,0.47,0.0,0.109,0.255,155.834,Sad
0.506,0.287,-10.009,0.0643,0.861,0.0,0.605,0.57,147.076,Chill
0.631,0.873,-2.487,0.0958,0.00342,0.000183,0.463,0.543,86.063,Happy
0.792,0.496,-8.103,0.179,0.124,6.7e-05,0.566,0.156,89.974,Sad
0.544,0.479,-10.828,0.348,0.564,0.0,0.136,0.426,176.035,Sad
0.287,0.164,-18.773,0.0359,0.918,0.852,0.106,0.0362,130.776,Sad
0.754,0.856,-11.855,0.0663,0.0131,0.605,0.0616,0.857,144.967,Happy
0.513,0.699,-6.903,0.284,0.287,0.0,0.118,0.306,173.845,Energetic
0.679,0.663,-6.629,0.256,0.189,0.000628,0.307,0.933,199.984,Happy
0.743,0.672,-5.881,0.277,0.153,0.0,0.194,0.275,139.919,Energetic
0.839,0.965,-0.953,0.212,0.145,0.000177,0.328,0.517,179.938,Happy
0.697,0.844,-3.076,0.0575,0.285,0.0,0.753,0.665,139.993,Happy
0.639,0.344,-9.34,0.0325,0.801,1.54e-06,0.0892,0.279,137.729,Sad
0.679,0.663,-7.523,0.0504,0.365,0.0,0.14,0.554,74.976,Happy
0.677,0.677,-4.819,0.0552,0.137,0.0,0.0731,0.251,100.038,Energetic
0.747,0.731,-6.305,0.194,0.555,0.0,0.0662,0.493,105.074,Happy
0.357,0.736,-4.503,0.0293,0.173,1.68e-05,0.413,0.519,140.14,Happy
0.74,0.777,-5.425,0.163,0.0399,0.0,0.0835,0.767,129.98,Happy
0.808,0.82,-4.137,0.058,0.0961,0.000169,0.244,0.762,96.991,Happy
0.663,0.347,-19.324,0.949,0.701,0.0,0.663,0.456,85.141,Sad
0.74,0.842,-3.408,0.0465,0.0523,0.0,0.114,0.879,97.938,Happy
0.602,0.609,-9.688,0.155,0.469,0.0,0.119,0.192,119.108,Sad
0.406,0.538,-7.993,0.213,0.708,0.000448,0.114,0.154,179.819,Sad
0.562,0.472,-11.615,0.0394,0.379,0.844,0.137,0.232,152.013,Sad
0.836,0.72,-3.821,0.0742,0.339,0.0,0.114,0.726,104.979,Happy
0.727,0.632,-9.019,0.278,0.0276,0.0,0.124,0.45,172.104,Sad
0.745,0.732,-11.286,0.0759,0.0832,0.929,0.0691,0.954,125.001,Happy
0.576,0.661,-4.56,0.0689,0.391,6.9e-05,0.251,0.483,175.787,Energetic
0.729,0.475,-4.985,0.0364,0.378,0.0,0.12,0.371,62.52,Sad
0.664,0.557,-7.622,0.072,0.0317,6.94e-05,0.383,0.274,90.453,Sad
0.213,0.679,-9.381,0.0752,0.0902,0.000551,0.979,0.169,86.041,Energetic
0.745,0.472,-7.642,0.0546,0.615,0.0,0.126,0.329,88.006,Sad
0.452,0.488,-7.817,0.11,0.0774,0.0,0.152,0.26,99.292,Sad
0.802,0.635,-5.918,0.0514,0.0238,9.3e-05,0.326,0.442,129.985,Sad
0.784,0.517,-8.981,0.209,0.0249,1.44e-06,0.155,0.206,97.991,Sad
0.609,0.799,-8.791,0.0273,0.42,0.0119,0.0956,0.971,134.146,Happy
0.744,0.711,-10.246,0.0447,5.47e-05,0.755,0.141,0.0857,126.012,Energetic
0.623,0.727,-4.072,0.0493,0.618,1.92e-06,0.0756,0.962,125.942,Happy
0.762,0.682,-5.364,0.0654,0.367,9.59e-06,0.121,0.3,89.991,Energetic
0.782,0.74,-6.014,0.233,0.107,6.94e-06,0.206,0.628,154.898,Happy
0.597,0.906,-3.773,0.139,0.00386,6.52e-05,0.138,0.255,155.734,Energetic
0.804,0.722,-5.739,0.127,0.062,0.0126,0.264,0.341,124.94,Energetic
0.563,0.915,-2.989,0.0489,0.00142,0.832,0.296,0.115,170.014,Energetic
0.332,0.422,-5.414,0.0449,0.865,0.0,0.0763,0.217,74.315,Sad
0.888,0.841,-1.933,0.147,0.46,9.12e-05,0.0568,0.964,149.994,Happy
0.744,0.488,-9.135,0.229,0.561,2.01e-06,0.0782,0.405,165.021,Sad
0.801,0.632,-9.303,0.0875,0.372,0.0,0.102,0.363,130.003,Sad
0.518,0.77,-8.431,0.382,0.118,0.0,0.296,0.37,123.926,Energetic
0.741,0.52,-7.513,0.0656,0.45,1.97e-06,0.222,0.347,102.998,Sad
0.542,0.531,-6.45,0.0324,0.648,0.0,0.19,0.594,129.942,Chill
0.659,0.423,-9.047,0.0378,0.633,0.0,0.144,0.618,120.012,Chill
0.692,0.882,-4.624,0.0516,0.436,0.0,0.0839,0.745,103.983,Happy
0.471,0.502,-11.322,0.159,0.357,0.000818,0.375,0.0918,125.959,Sad
0.394,0.918,-2.657,0.334,0.342,0.0,0.982,0.588,157.925,Happy
0.471,0.942,-10.251,0.0359,1.43e-05,0.367,0.197,0.875,131.997,Happy
0.671,0.868,1.221,0.0874,0.00279,0.273,0.148,0.463,173.037,Energetic
0.565,0.584,-6.511,0.0947,0.16,0.0,0.122,0.801,164.032,Chill
0.688,0.53,-5.507,0.0333,0.443,0.0,0.0995,0.162,106.958,Sad
0.911,0.744,-7.017,0.279,0.378,1.92e-05,0.257,0.792,122.05,Happy
0.64,0.749,-7.426,0.0387,0.233,2.05e-05,0.354,0.661,119.923,Happy
0.696,0.775,-5.547,0.0909,0.172,0.000514,0.0393,0.814,184.973,Happy
0.772,0.776,-2.636,0.051,0.348,0.0,0.038,0.979,86.0,Happy
0.848,0.751,-5.897,0.244,0.433,0.0,0.081,0.566,82.487,Happy
0.665,0.708,-5.119,0.318,0.417,0.0,0.121,0.675,174.191,Happy
0.72,0.782,-3.144,0.334,0.00125,0.873,0.051,0.597,130.052,Happy
0.812,0.398,-9.929,0.424,0.00493,5.31e-05,0.184,0.326,171.999,Sad
0.68,0.539,-6.557,0.0428,0.606,0.0,0.19,0.282,105.066,Sad
0.252,0.159,-21.0,0.0318,0.896,0.979,0.111,0.0732,77.696,Sad
0.812,0.633,-6.629,0.107,0.153,0.0,0.122,0.616,150.009,Chill
0.579,0.947,-3.039,0.127,0.00126,0.0,0.126,0.334,133.01,Energetic
0.669,0.675,-9.305,0.521,0.5,0.0,0.137,0.85,97.982,Happy
0.776,0.755,-6.307,0.037,0.0115,0.877,0.0691,0.567,135.017,Happy
0.768,0.76,-3.729,0.105,0.763,0.0,0.141,0.736,90.0,Happy
0.706,0.663,-6.986,0.192,0.713,0.0,0.302,0.537,129.981,Happy
0.746,0.903,-9.592,0.0437,0.00135,0.907,0.0908,0.038,128.01,Energetic
0.534,0.91,-7.959,0.0561,0.000549,0.852,0.227,0.0696,137.994,Energetic
0.759,0.667,-2.627,0.0647,0.377,3.32e-05,0.13,0.582,83.026,Happy
0.689,0.697,-7.494,0.0408,0.0102,1.01e-05,0.0686,0.343,128.013,Energetic
0.47,0.621,-7.721,0.0382,0.317,0.121,0.352,0.502,75.973,Chill
0.647,0.514,-8.8,0.0364,0.18,0.0,0.109,0.346,132.984,Sad
0.569,0.86,-4.116,0.043,0.135,0.0,0.153,0.289,90.937,Energetic
0.769,0.73,-6.164,0.0757,0.617,0.0,0.113,0.811,95.004,Happy
0.44,0.998,-4.367,0.0991,0.00168,0.922,0.604,0.041,139.987,Energetic
0.487,0.731,-9.435,0.0429,0.00562,0.434,0.471,0.529,125.995,Happy
0.483,0.816,-7.54,0.0316,0.00359,0.927,0.139,0.0331,127.928,Energetic
0.355,0.349,-8.028,0.0518,0.684,4.67e-06,0.111,0.108,81.299,Sad
0.738,0.518,-8.677,0.0398,0.000796,0.00753,0.275,0.165,126.024,Sad
0.652,0.473,-7.121,0.0357,0.613,2.22e-06,0.0594,0.964,145.03,Chill
0.758,0.846,-5.258,0.039,0.0832,4.45e-06,0.138,0.642,97.023,Happy
0.482,0.785,-4.58,0.0372,0.0706,0.0,0.261,0.633,75.073,Happy
0.51,0.396,-13.945,0.0389,0.184,0.51,0.68,0.197,111.506,Sad
0.417,0.689,-8.302,0.178,0.575,0.0,0.496,0.505,79.568,Happy
0.631,0.382,-8.009,0.0344,0.795,1.1e-06,0.11,0.463,81.863,Sad
0.884,0.546,-6.279,0.117,0.269,8e-06,0.064,0.49,113.236,Chill
0.545,0.309,-10.235,0.0313,0.961,0.000733,0.189,0.232,123.767,Sad
0.771,0.528,-10.679,0.029,0.814,0.0774,0.106,0.219,105.006,Sad
0.574,0.892,-5.233,0.0298,0.0062,0.000269,0.107,0.66,114.967,Happy
0.759,0.961,-2.663,0.11,0.343,1.66e-06,0.0843,0.728,135.936,Happy
0.763,0.557,-11.162,0.275,0.25,0.0109,0.147,0.207,135.112,Sad
0.886,0.61,-8.214,0.181,0.344,8.4e-05,0.0977,0.271,119.982,Sad
0.85,0.748,-3.687,0.0371,0.194,0.0,0.0764,0.961,130.073,Happy
0.763,0.578,-3.894,0.0852,0.2,5.12e-06,0.0595,0.818,175.959,Chill
0.275,0.177,-20.766,0.0442,0.889,0.801,0.153,0.215,166.878,Sad
0.803,0.557,-8.174,0.0798,0.58,0.000322,0.0891,0.36,129.919,Sad
0.548,0.818,-3.001,0.0397,0.0624,0.000931,0.282,0.561,125.934,Happy
0.553,0.502,-12.195,0.47,0.122,0.0,0.055,0.424,89.667,Sad
0.462,0.669,-4.19,0.0654,0.516,0.0,0.119,0.559,175.836,Happy
0.633,0.791,-11.516,0.0743,0.0188,0.922,0.112,0.468,132.002,Energetic
0.683,0.738,-6.235,0.0925,0.0555,0.0,0.101,0.529,95.002,Happy
0.649,0.439,-8.725,0.0558,0.235,0.0,0.112,0.416,84.056,Sad
0.563,0.196,-9.94,0.0287,0.882,0.0,0.119,0.131,103.242,Sad
0.821,0.448,-4.33,0.0468,0.296,3.26e-06,0.0683,0.45,105.006,Sad
0.59,0.91,-4.83,0.0325,0.0267,0.0453,0.903,0.899,143.041,Happy
0.721,0.321,-13.023,0.14,0.912,0.964,0.101,0.966,95.106,Chill
0.86,0.731,-6.541,0.279,0.481,0.0,0.113,0.382,137.001,Energetic
0.743,0.879,-5.186,0.0545,0.148,0.0,0.0979,0.77,108.015,Happy
0.804,0.492,-9.401,0.52,0.308,1.11e-06,0.15,0.317,163.974,Sad
0.85,0.567,-8.739,0.199,0.136,0.0,0.115,0.161,99.99,Sad
0.466,0.407,-11.032,0.0404,0.847,2.43e-05,0.636,0.53,88.978,Chill
0.768,0.837,-7.092,0.0589,0.0715,0.0,0.0593,0.346,99.964,Energetic
0.756,0.648,-5.287,0.0731,0.118,0.0,0.515,0.657,80.979,Chill
0.812,0.383,-11.342,0.553,0.177,0.0,0.0861,0.465,89.955,Sad
0.802,0.707,-4.126,0.0499,0.145,0.0,0.092,0.597,100.028,Happy
0.779,0.651,-5.559,0.0914,0.294,0.0,0.359,0.819,96.068,Chill
0.716,0.78,-4.616,0.0445,0.377,0.000351,0.0753,0.187,94.028,Energetic
0.714,0.742,-3.104,0.0662,0.547,0.0,0.125,0.933,160.734,Happy
0.543,0.57,-7.1,0.028,0.275,0.0,0.323,0.168,110.06,Sad
0.129,0.994,-4.955,0.155,0.00172,0.643,0.313,0.0346,163.979,Energetic
0.825,0.678,-5.401,0.0461,0.519,0.0,0.115,0.43,134.12,Energetic
0.688,0.812,-4.355,0.135,0.243,0.0,0.0742,0.834,89.01,Happy
0.856,0.721,-6.813,0.0779,0.178,2.14e-05,0.0913,0.902,100.98,Happy
0.745,0.987,-8.28,0.0538,0.0143,0.816,0.0947,0.132,126.003,Energetic
0.939,0.7,-6.526,0.0519,0.187,0.0,0.094,0.886,132.004,Happy
0.509,0.183,-10.27,0.0377,0.946,0.0,0.0914,0.258,117.354,Sad
0.744,0.554,-4.136,0.0374,0.37,0.0,0.1,0.371,95.02,Sad
0.573,0.767,-7.481,0.0369,0.00738,0.594,0.0858,0.15,124.4,Energetic
0.673,0.916,-3.814,0.0344,0.0658,0.0587,0.0769,0.513,160.025,Happy
0.405,0.778,-5.413,0.247,0.319,0.0,0.117,0.623,203.62,Happy
0.808,0.398,-19.469,0.0646,2.61e-05,0.875,0.104,0.885,124.999,Chill
0.609,0.479,-8.19,0.0275,0.614,0.0314,0.108,0.421,75.005,Sad
0.792,0.696,-10.509,0.0348,0.187,0.912,0.111,0.154,126.009,Energetic
0.956,0.312,-12.788,0.311,0.0818,2.87e-05,0.0634,0.272,119.049,Sad
0.479,0.964,-3.41,0.237,0.0376,0.0,0.347,0.121,153.978,Energetic
0.653,0.714,-8.001,0.372,0.0813,0.0,0.16,0.678,74.066,Happy
0.52,0.503,-8.259,0.0348,0.391,0.0,0.127,0.312,149.98,Sad
0.68,0.878,-4.791,0.179,0.0028,2.22e-05,0.336,0.531,127.991,Happy
0.577,0.919,-3.194,0.0982,0.286,0.0,0.943,0.736,166.059,Happy
0.948,0.575,-4.536,0.0604,0.0044,0.0,0.0655,0.208,130.993,Sad
0.456,0.963,-3.004,0.0781,0.00333,0.0,0.103,0.489,154.961,Happy
0.778,0.827,-5.564,0.0352,0.0359,0.0,0.24,0.49,121.04,Happy
0.801,0.904,-2.819,0.0834,0.0324,3.1e-05,0.182,0.814,124.979,Happy
0.41,0.375,-7.013,0.0288,0.828,5.14e-06,0.11,0.318,128.861,Sad
0.686,0.461,-12.614,0.38,0.297,2.25e-05,0.639,0.266,159.944,Sad
0.279,0.363,-10.775,0.0308,0.915,0.00173,0.132,0.085,72.567,Sad
0.576,0.465,-5.891,0.0261,0.55,0.0,0.124,0.362,81.965,Sad
0.815,0.552,-12.994,0.0358,0.00532,0.000683,0.205,0.54,114.024,Chill
0.771,0.682,-6.615,0.0328,0.039,0.0,0.364,0.699,132.036,Happy
0.738,0.798,-4.489,0.0572,0.12,0.0,0.92,0.439,115.916,Energetic
0.846,0.701,-6.809,0.1,0.0771,0.0,0.303,0.785,129.89,Happy
0.772,0.249,-9.976,0.159,0.83,4.94e-05,0.11,0.516,93.203,Chill
0.75,0.619,-5.777,0.212,0.0184,0.0,0.13,0.78,172.002,Chill
0.594,0.749,-6.251,0.0677,0.00188,0.000139,0.0869,0.344,130.064,Energetic
0.69,0.714,-5.948,0.0338,0.0077,7.23e-05,0.191,0.489,112.009,Happy
0.649,0.453,-7.28,0.085,0.627,0.0,0.116,0.431,99.183,Sad
0.856,0.482,-8.99,0.0522,0.152,0.0,0.134,0.431,124.05,Sad
0.631,0.639,-8.199,0.506,0.68,0.0,0.064,0.363,113.0,Sad
0.502,0.349,-11.187,0.0271,0.534,0.0,0.538,0.236,146.146,Sad
0.426,0.829,-2.84,0.0569,0.107,0.0,0.317,0.814,180.241,Happy
0.683,0.478,-5.903,0.0371,0.386,0.0,0.13,0.313,129.841,Sad
0.586,0.683,-6.804,0.0422,0.0693,0.0,0.11,0.362,145.028,Energetic
0.775,0.345,-9.578,0.0605,0.0399,0.0,0.158,0.516,139.943,Chill
0.597,0.317,-14.075,0.0338,0.879,3.08e-05,0.369,0.29,76.946,Sad
0.692,0.707,-7.717,0.093,0.147,8.16e-06,0.0829,0.294,91.013,Energetic
0.929,0.547,-6.491,0.143,0.199,1.11e-06,0.337,0.933,141.97,Chill
0.819,0.254,-10.3,0.247,0.198,4.71e-05,0.106,0.248,169.044,Sad
0.838,0.688,-8.04,0.106,0.315,0.0,0.125,0.446,121.988,Energetic
0.558,0.675,-8.224,0.0624,0.00339,0.0,0.272,0.327,131.853,Energetic
0.663,0.884,-3.4,0.0716,0.652,0.0,0.156,0.875,172.059,Happy
0.371,0.812,-4.92,0.0635,0.0649,0.0,0.0735,0.727,170.119,Happy
0.749,0.668,-5.964,0.0608,0.0373,0.000272,0.045,0.366,108.0,Energetic
0.611,0.715,-5.932,0.0475,0.122,0.0,0.101,0.829,162.077,Happy
0.677,0.426,-9.716,0.186,0.00619,1.18e-06,0.336,0.143,78.077,Sad
0.886,0.625,-8.351,0.268,0.342,0.0,0.469,0.485,120.037,Sad
0.233,0.871,-7.65,0.0933,0.0473,0.722,0.492,0.471,188.59,Energetic
0.896,0.532,-6.823,0.257,0.431,1.35e-05,0.221,0.614,133.904,Chill
0.815,0.643,-8.909,0.0576,0.232,0.816,0.0923,0.145,120.001,Sad
0.651,0.81,-4.722,0.0359,0.213,0.0,0.0984,0.849,173.925,Happy
0.662,0.676,-10.987,0.0445,0.61,0.893,0.121,0.367,123.101,Energetic
0.769,0.786,-4.825,0.105,0.283,0.0,0.0843,0.239,122.099,Energetic
0.48,0.114,-14.849,0.0706,0.888,1.1e-06,0.168,0.251,180.685,Sad
0.507,0.455,-6.492,0.0279,0.356,0.0,0.0889,0.333,137.87,Sad
0.677,0.834,-5.08,0.0352,0.299,1.74e-05,0.116,0.914,80.991,Happy
0.632,0.63,-11.368,0.0308,0.0066,0.889,0.324,0.259,126.023,Sad
0.282,0.419,-7.656,0.0316,0.582,0.878,0.088,0.0926,81.182,Sad
0.529,0.671,-4.65,0.0406,0.0436,0.0,0.116,0.323,122.937,Energetic
0.904,0.649,-4.022,0.278,0.316,0.0,0.153,0.803,139.999,Chill
0.678,0.811,-5.089,0.062,0.000545,0.0651,0.114,0.644,128.005,Happy
0.593,0.855,-6.679,0.0365,0.000214,0.0,0.11,0.832,107.025,Happy
0.682,0.83,-4.234,0.254,0.0577,0.0,0.0926,0.784,155.122,Happy
0.412,0.923,-3.884,0.0889,0.0276,0.0,0.0656,0.915,208.036,Happy
0.904,0.67,-3.294,0.0419,0.343,0.0,0.0316,0.942,116.031,Happy
0.786,0.468,-7.727,0.0448,0.434,0.0,0.103,0.179,90.021,Sad
0.649,0.798,-4.346,0.178,0.226,0.0,0.0711,0.857,177.899,Happy
0.711,0.613,-5.374,0.0535,0.0572,2.98e-06,0.203,0.703,95.017,Chill
0.523,0.81,-4.551,0.0561,0.0108,2.87e-06,0.237,0.19,131.877,Energetic
0.625,0.422,-7.277,0.0285,0.84,0.0,0.278,0.462,99.86,Sad
0.683,0.678,-6.679,0.0388,0.0168,0.000218,0.133,0.695,109.982,Happy
0.878,0.525,-6.832,0.0578,0.183,0.0,0.0714,0.694,112.022,Chill
0.712,0.827,-4.342,0.325,0.0959,0.000977,0.283,0.555,143.093,Happy
0.745,0.675,-7.9,0.363,0.552,0.0,0.562,0.592,150.396,Happy
0.718,0.883,-5.837,0.129,0.599,0.0,0.238,0.41,136.003,Energetic
0.76,0.746,-5.331,0.227,0.137,0.0,0.0905,0.449,100.011,Energetic
0.65,0.936,-4.977,0.0841,0.0503,0.00179,0.0711,0.472,124.04,Energetic
0.458,0.981,-1.65,0.0518,0.0573,0.0363,0.172,0.143,173.882,Energetic
0.653,0.606,-6.371,0.0367,0.578,0.0,0.101,0.523,157.833,Chill
0.596,0.607,-6.682,0.209,0.34,0.0,0.0808,0.446,129.252,Sad
0.522,0.574,-8.115,0.0381,0.504,0.0255,0.166,0.451,179.992,Sad
0.656,0.62,-6.807,0.435,0.564,0.000318,0.0949,0.229,86.441,Sad
0.417,0.767,-3.31,0.193,0.0778,0.0,0.113,0.152,72.573,Energetic
0.686,0.65,-5.487,0.0644,0.165,6.47e-06,0.284,0.808,66.006,Chill
0.747,0.77,-4.431,0.28,0.384,0.000103,0.0604,0.708,97.013,Happy
0.758,0.638,-7.984,0.253,0.407,0.0,0.178,0.188,137.981,Sad
0.87,0.498,-8.339,0.0623,0.046,0.0,0.146,0.692,110.019,Chill
0.736,0.799,-4.603,0.0352,0.629,0.309,0.251,0.522,103.033,Happy
0.742,0.294,-8.151,0.0443,0.808,3.23e-06,0.661,0.188,100.015,Sad
0.729,0.792,-4.939,0.0697,0.229,0.0,0.129,0.83,141.964,Happy
0.741,0.358,-13.497,0.074,0.25,4.92e-06,0.0739,0.447,102.83,Sad
0.561,0.802,-4.614,0.0558,0.0179,0.0,0.363,0.372,88.097,Energetic
0.672,0.944,-2.781,0.0481,0.0386,0.153,0.0455,0.464,125.964,Energetic
0.795,0.346,-11.665,0.138,0.353,0.114,0.0569,0.0634,100.0,Sad
0.808,0.749,-6.482,0.0431,0.000126,0.0948,0.0459,0.923,125.002,Happy
0.547,0.628,-5.612,0.224,0.655,0.0,0.204,0.541,79.248,Chill
0.555,0.648,-6.445,0.0386,0.0484,0.0,0.145,0.478,167.792,Sad
0.652,0.75,-5.589,0.0339,0.0435,0.0,0.188,0.465,94.515,Energetic
0.811,0.481,-6.832,0.0793,0.366,0.0,0.108,0.543,81.986,Chill
0.917,0.657,-5.716,0.0921,0.318,3.62e-06,0.0754,0.818,131.03,Chill
0.823,0.765,-1.695,0.0633,0.464,0.0,0.0601,0.715,99.96,Happy
0.816,0.897,-2.909,0.0682,0.451,0.0,0.0803,0.83,95.005,Happy
0.72,0.673,-5.886,0.215,0.286,0.0,0.117,0.222,140.171,Energetic
0.749,0.535,-6.785,0.0336,0.0131,3.65e-05,0.0982,0.601,123.042,Chill
0.719,0.432,-19.14,0.213,0.00197,0.952,0.322,0.909,120.335,Chill
0.7,0.714,-6.696,0.181,0.173,0.0,0.459,0.376,147.58,Energetic
0.842,0.664,-4.774,0.0647,0.252,0.0,0.1,0.531,123.997,Happy
0.273,0.195,-11.358,0.037,0.889,0.0,0.0749,0.22,152.623,Sad
0.79,0.793,-6.544,0.121,0.393,0.0,0.138,0.496,141.046,Happy
0.516,0.188,-13.229,0.0997,0.949,0.0,0.0966,0.346,62.904,Sad
0.438,0.728,-4.934,0.123,0.606,0.0,0.915,0.609,152.76,Happy
0.565,0.508,-11.45,0.0389,0.0194,0.0507,0.1,0.0774,125.977,Sad
0.68,0.411,-10.319,0.0282,0.43,1.52e-06,0.135,0.251,115.024,Sad
0.526,0.358,-11.196,0.0346,0.877,7.59e-06,0.294,0.186,106.816,Sad
0.472,0.657,-7.291,0.0758,0.345,0.0,0.124,0.279,155.957,Sad
0.848,0.428,-10.86,0.199,0.337,0.0,0.105,0.707,98.003,Chill
0.397,0.524,-5.846,0.103,0.607,0.0,0.157,0.343,175.562,Sad
0.761,0.846,-2.393,0.287,0.251,0.0,0.324,0.793,171.996,Happy
0.657,0.634,-6.433,0.0644,0.112,0.0,0.11,0.498,113.429,Chill
0.659,0.345,-11.776,0.0615,0.55,0.0105,0.327,0.429,128.162,Sad
0.816,0.606,-7.013,0.109,0.245,0.0,0.0467,0.648,92.017,Chill
0.904,0.656,-3.953,0.0528,0.294,2.22e-06,0.108,0.868,122.056,Chill
0.686,0.83,-4.437,0.0369,0.0948,1.33e-06,0.182,0.486,123.032,Energetic
0.632,0.732,-3.498,0.092,0.105,1.15e-05,0.111,0.317,159.0,Energetic
0.49,0.586,-7.535,0.0285,0.00238,7.65e-05,0.117,0.281,112.048,Sad
0.486,0.593,-6.773,0.0311,0.0264,0.00149,0.0893,0.137,120.06,Sad
0.541,0.8,-3.687,0.0382,0.0442,0.0,0.398,0.56,129.939,Happy
0.722,0.773,-6.565,0.0306,0.485,0.413,0.0977,0.427,111.972,Energetic
0.819,0.544,-9.242,0.314,0.212,5.75e-06,0.108,0.159,132.977,Sad
0.601,0.54,-7.032,0.0307,0.107,0.000126,0.174,0.291,76.007,Sad
0.497,0.656,-6.716,0.0374,0.0141,0.0,0.0577,0.0884,127.975,Sad
0.738,0.521,-8.909,0.495,0.0482,5.75e-06,0.108,0.379,192.003,Sad
0.698,0.836,-5.012,0.0852,0.416,0.0,0.138,0.742,104.991,Happy
0.6,0.698,-5.86,0.0355,0.0724,1.64e-06,0.113,0.57,140.032,Happy
0.726,0.554,-5.29,0.0917,0.0421,0.0,0.106,0.335,169.999,Sad
0.447,0.132,-9.266,0.0396,0.93,1.06e-06,0.0658,0.106,96.472,Sad
0.857,0.72,-6.253,0.136,0.207,0.0,0.303,0.927,130.024,Happy
0.0,0.333,-27.745,0.0,0.988,0.707,0.111,0.0,0.0,Sad
0.379,0.43,-11.445,0.0509,0.317,0.0725,0.0861,0.0586,99.93,Sad
0.472,0.716,-5.482,0.0489,0.00425,2.77e-06,0.063,0.271,130.001,Energetic
0.671,0.806,-6.399,0.0455,0.0327,0.0,0.127,0.337,124.924,Energetic
0.449,0.809,-6.282,0.163,0.0474,0.709,0.0916,0.29,157.251,Energetic
0.771,0.498,-9.31,0.412,0.367,1.13e-06,0.119,0.227,119.417,Sad
0.219,0.967,-24.309,0.0428,0.946,0.821,0.668,0.015,69.871,Energetic
0.585,0.581,-11.579,0.0416,0.784,0.000379,0.444,0.712,81.016,Chill
0.705,0.982,-3.376,0.0788,0.0212,3.18e-05,0.337,0.571,94.99,Happy
0.907,0.588,-11.053,0.0592,0.0224,0.284,0.0767,0.141,113.006,Sad
0.534,0.589,-1.865,0.325,0.256,6.02e-05,0.176,0.632,78.616,Chill
0.857,0.918,-5.731,0.149,0.11,3.22e-05,0.243,0.752,128.039,Happy
0.527,0.388,-14.754,0.0385,0.242,0.747,0.0802,0.0393,102.943,Sad
0.333,0.194,-12.063,0.0325,0.969,0.0012,0.112,0.178,117.298,Sad
0.717,0.716,-5.485,0.0432,0.0421,0.000467,0.0699,0.206,125.064,Energetic
0.841,0.456,-6.39,0.33,0.213,0.0,0.151,0.427,80.047,Sad
0.506,0.925,-8.572,0.0538,9.16e-05,0.17,0.454,0.429,127.988,Energetic
0.341,0.182,-16.898,0.0578,0.986,0.985,0.0756,0.0922,82.026,Sad
0.824,0.617,-7.48,0.246,0.687,0.0,0.159,0.236,103.04,Sad
0.38,0.245,-10.364,0.0281,0.783,3.01e-05,0.183,0.362,168.167,Sad
0.573,0.655,-5.593,0.0319,0.149,7.02e-05,0.0512,0.26,125.975,Sad
0.677,0.871,-5.019,0.0367,0.0763,1.29e-06,0.398,0.954,137.95,Happy
0.536,0.969,-3.763,0.0407,0.000139,7.07e-06,0.333,0.533,145.009,Happy
0.737,0.79,-4.544,0.047,0.00742,0.0,0.094,0.709,118.052,Happy
0.615,0.861,-5.692,0.18,0.331,0.0,0.179,0.502,147.889,Happy
0.651,0.711,-5.461,0.164,0.176,0.0,0.024,0.719,81.907,Happy
0.454,0.959,-8.723,0.0708,9.71e-06,0.916,0.169,0.305,138.047,Energetic
0.651,0.649,-4.363,0.0366,0.237,0.0,0.128,0.455,133.971,Sad
0.477,0.701,-7.126,0.0446,0.229,0.0,0.101,0.498,169.968,Happy
0.654,0.63,-4.644,0.0259,0.153,0.0,0.111,0.43,89.991,Sad
0.681,0.719,-7.071,0.236,0.165,8.65e-06,0.117,0.659,200.441,Happy
0.774,0.62,-6.331,0.308,0.332,0.000266,0.124,0.301,123.816,Sad
0.739,0.656,-5.516,0.0578,0.764,3.8e-06,0.0896,0.47,82.011,Sad
0.697,0.874,-2.15,0.0449,0.0122,0.0,0.627,0.775,132.018,Happy
0.737,0.961,-0.155,0.0747,0.163,0.0,0.361,0.567,108.014,Happy
0.867,0.583,-8.782,0.359,0.18,5.05e-05,0.147,0.451,90.017,Sad
0.592,0.741,-5.736,0.0361,0.0296,0.0,0.298,0.605,132.063,Happy
0.66,0.746,-6.914,0.0463,0.653,5.92e-06,0.0698,0.882,101.228,Happy
0.665,0.743,-4.434,0.0567,0.0604,0.0,0.959,0.658,131.573,Happy
0.745,0.882,-4.388,0.0654,0.145,0.0,0.149,0.789,96.999,Happy
0.843,0.549,-8.018,0.164,0.0948,0.0,0.155,0.541,83.982,Chill
0.637,0.414,-11.87,0.0506,0.357,0.0,0.111,0.694,89.98,Chill
0.8,0.688,-6.592,0.112,0.293,0.00407,0.197,0.366,158.043,Energetic
0.832,0.747,-4.957,0.052,0.225,3.86e-06,0.0412,0.789,99.986,Happy
0.868,0.774,-3.76,0.0367,0.244,1.9e-06,0.0581,0.952,128.011,Happy
0.54,0.604,-6.035,0.0412,0.581,0.0,0.11,0.34,149.856,Sad
0.602,0.689,-8.288,0.048,0.0745,0.473,0.102,0.489,125.187,Happy
0.834,0.734,-5.948,0.341,0.413,4.01e-05,0.113,0.356,89.989,Energetic
0.755,0.802,-7.447,0.3,0.745,0.0,0.524,0.531,95.555,Happy
0.626,0.53,-7.218,0.285,0.0508,0.0,0.0917,0.563,138.902,Chill
0.703,0.609,-7.3,0.0444,0.111,0.0,0.0515,0.696,89.929,Chill
0.501,0.524,-13.417,0.132,0.0512,1.47e-05,0.0686,0.215,142.26,Sad
0.886,0.701,-3.504,0.141,0.292,1.16e-05,0.0574,0.823,103.0,Happy
0.723,0.769,-7.605,0.0401,0.00762,0.861,0.127,0.138,124.967,Energetic
0.531,0.581,-5.801,0.101,0.0107,1.62e-05,0.101,0.591,137.776,Chill
0.903,0.839,-9.447,0.208,0.0939,0.0,0.102,0.727,133.986,Happy
0.793,0.854,-2.924,0.0858,0.428,0.0,0.155,0.671,133.005,Happy
0.654,0.76,-3.669,0.045,0.0797,0.0,0.299,0.41,99.945,Energetic
0.637,0.501,-6.148,0.187,0.229,5.91e-05,0.099,0.431,103.993,Sad
0.642,0.647,-6.312,0.428,0.517,0.0,0.0649,0.664,120.749,Chill
0.711,0.673,-5.89,0.0336,0.25,0.0,0.214,0.393,109.992,Energetic
0.756,0.449,-8.746,0.0344,0.13,0.0,0.114,0.399,111.011,Sad
0.609,0.596,-8.881,0.0379,0.722,0.0,0.158,0.746,140.035,Chill
0.606,0.284,-12.135,0.0368,0.372,0.346,0.0786,0.644,81.778,Chill
0.536,0.287,-8.553,0.103,0.867,0.0,0.101,0.701,78.243,Chill
0.772,0.842,-3.748,0.0942,0.296,0.0,0.174,0.807,89.92,Happy
0.56,0.382,-10.164,0.0262,0.349,0.000369,0.357,0.16,125.038,Sad
0.668,0.741,-2.786,0.0811,0.156,0.0,0.0399,0.728,99.947,Happy
0.346,0.744,-5.622,0.0322,0.00106,1.06e-06,0.0961,0.382,175.642,Energetic
0.81,0.735,-6.909,0.0405,0.155,0.0,0.0808,0.771,135.959,Happy
0.633,0.524,-6.956,0.0773,0.38,0.0,0.203,0.479,135.635,Sad
0.748,0.62,-5.631,0.349,0.34,0.0,0.15,0.915,94.508,Chill
0.521,0.459,-14.136,0.361,0.44,6.48e-05,0.125,0.338,175.989,Sad
0.658,0.904,-2.991,0.0896,0.125,0.0,0.267,0.363,105.033,Energetic
0.689,0.433,-11.607,0.287,0.0234,0.00598,0.129,0.156,134.862,Sad
0.553,0.837,-5.343,0.0296,0.0588,0.0,0.103,0.74,91.004,Happy
0.96,0.753,-5.403,0.043,0.222,0.563,0.083,0.768,127.998,Happy
0.558,0.585,-6.411,0.469,0.157,0.0,0.315,0.258,76.282,Sad
0.828,0.734,-3.928,0.201,0.283,0.0,0.0965,0.681,168.033,Happy
0.659,0.849,-2.982,0.0652,0.171,0.63,0.126,0.256,185.127,Energetic
0.702,0.745,-6.177,0.0655,0.015,4.37e-06,0.203,0.354,128.018,Energetic
0.628,0.433,-9.868,0.0232,0.294,0.398,0.332,0.344,96.017,Sad
0.641,0.537,-5.452,0.0282,0.0875,9.05e-06,0.112,0.0681,112.864,Sad
0.771,0.411,-7.873,0.08,0.527,0.0,0.949,0.57,97.031,Chill
0.635,0.791,-5.854,0.24,0.324,3.01e-06,0.195,0.36,119.613,Energetic
0.59,0.887,-2.851,0.0763,0.0216,0.0,0.487,0.283,126.093,Energetic
0.547,0.972,-4.78,0.132,0.000916,0.829,0.193,0.393,136.01,Energetic
0.838,0.637,-8.596,0.134,0.239,1.12e-05,0.131,0.612,128.025,Chill
0.749,0.799,-10.451,0.0449,0.0224,0.869,0.113,0.525,128.015,Happy
0.539,0.575,-9.387,0.567,0.34,0.0,0.112,0.605,129.989,Chill
0.818,0.639,-7.675,0.189,0.263,0.0,0.0706,0.912,89.812,Chill
0.826,0.706,-10.631,0.244,0.291,5.67e-06,0.0848,0.375,126.049,Energetic
0.941,0.758,-6.47,0.17,0.0256,0.00258,0.193,0.683,128.017,Happy
0.78,0.653,-7.644,0.0695,0.0499,0.000205,0.141,0.465,110.01,Sad
0.706,0.845,-4.102,0.0692,0.0201,0.0,0.358,0.742,100.015,Happy
0.61,0.909,-3.961,0.364,0.4,0.0,0.129,0.742,90.794,Happy
0.477,0.992,-6.951,0.0478,0.0015,0.947,0.0737,0.961,137.989,Happy
0.742,0.586,-6.583,0.0486,0.0323,0.0,0.448,0.283,95.939,Sad
0.673,0.603,-6.312,0.204,0.557,0.0,0.333,0.655,158.0,Chill
0.682,0.91,-4.632,0.0675,0.0111,0.0,0.364,0.595,129.948,Happy
0.478,0.732,-4.342,0.0779,0.363,3.34e-06,0.0768,0.664,184.819,Happy
0.764,0.8,-6.034,0.0471,0.322,0.00113,0.146,0.775,117.97,Happy
0.746,0.647,-6.082,0.0827,0.59,0.000224,0.136,0.222,96.964,Sad
0.556,0.528,-8.033,0.0266,0.615,0.0964,0.122,0.163,159.821,Sad
0.516,0.812,-6.261,0.438,0.0203,0.0,0.28,0.467,86.863,Energetic
0.594,0.583,-7.859,0.0656,0.106,0.203,0.101,0.293,176.112,Sad
0.687,0.719,-7.776,0.0277,0.221,0.0,0.141,0.871,103.017,Happy
0.705,0.499,-8.554,0.0714,0.317,1.64e-05,0.131,0.5,79.992,Chill
0.835,0.462,-6.227,0.155,0.513,0.0,0.0875,0.702,78.99,Chill
0.605,0.53,-6.346,0.0246,0.822,0.0,0.131,0.399,93.951,Sad
0.436,0.727,-5.589,0.0273,0.29,0.0,0.0852,0.467,165.052,Energetic
0.501,0.49,-7.573,0.0453,0.808,0.0,0.172,0.245,156.036,Sad
0.636,0.413,-12.551,0.039,0.00363,0.951,0.118,0.161,123.009,Sad
0.438,0.977,-3.596,0.0644,0.000478,0.162,0.653,0.467,173.996,Energetic
0.695,0.522,-7.271,0.321,0.192,9.94e-05,0.0816,0.327,134.979,Sad
0.56,0.33,-12.187,0.0386,0.929,0.000175,0.116,0.428,117.698,Sad
0.712,0.592,-11.006,0.0681,0.0887,0.0,0.188,0.848,100.036,Chill
0.802,0.675,-7.885,0.409,0.203,0.00264,0.162,0.285,149.914,Energetic
0.517,0.753,-7.928,0.0515,0.0228,0.278,0.105,0.269,93.917,Energetic
0.743,0.932,-4.688,0.0326,0.00571,0.00352,0.082,0.95,91.991,Happy
0.633,0.729,-5.536,0.27,0.0508,0.0,0.161,0.642,88.05,Happy
0.891,0.891,-2.139,0.0561,0.314,0.036,0.244,0.721,117.057,Happy
0.567,0.818,-6.242,0.0899,0.697,3.14e-05,0.111,0.926,87.976,Happy
0.753,0.522,-5.649,0.259,0.618,5.66e-05,0.106,0.651,174.016,Chill
0.897,0.743,-5.446,0.222,0.304,4.44e-05,0.137,0.905,134.979,Happy
0.639,0.932,-3.311,0.148,0.0318,7.5e-06,0.31,0.442,136.096,Energetic
0.848,0.502,-12.368,0.309,0.661,0.00252,0.152,0.683,87.496,Chill
0.0993,0.626,-8.212,0.0467,0.00499,0.00161,0.0741,0.0399,49.452,Sad
0.602,0.301,-14.627,0.0327,0.701,0.000834,0.112,0.786,89.948,Chill
0.753,0.661,-7.181,0.136,0.243,7.12e-06,0.138,0.283,129.972,Energetic
0.32,0.266,-14.6,0.0298,0.953,0.237,0.119,0.177,99.891,Sad
0.194,0.268,-33.054,0.0721,0.125,0.856,0.112,0.321,81.292,Sad
0.674,0.631,-7.85,0.034,0.339,0.0102,0.106,0.12,126.005,Sad
0.524,0.66,-8.309,0.0406,0.319,0.0,0.471,0.498,145.865,Happy
0.539,0.306,-11.745,0.0287,0.479,0.0,0.0837,0.312,129.745,Sad
0.751,0.697,-8.012,0.0581,0.223,0.0,0.924,0.555,141.427,Happy
0.148,0.823,-7.272,0.0603,0.000335,0.685,0.217,0.342,186.146,Energetic
0.398,0.574,-8.796,0.0337,0.000755,1.6e-05,0.132,0.145,143.995,Sad
0.628,0.662,-6.731,0.075,0.104,0.0,0.0511,0.787,180.015,Happy
0.714,0.687,-3.641,0.0374,0.0766,4.35e-05,0.0725,0.539,99.962,Happy
0.405,0.381,-7.37,0.052,0.383,0.0,0.16,0.415,201.954,Sad
0.615,0.711,-8.01,0.0561,0.0804,0.000313,0.0766,0.55,89.955,Happy
0.623,0.902,-4.022,0.091,0.555,0.0,0.385,0.829,94.018,Happy
0.279,0.00701,-35.489,0.249,0.996,0.838,0.0723,0.131,137.403,Sad
0.688,0.793,-3.315,0.0806,0.331,0.0,0.238,0.812,145.042,Happy
0.734,0.834,-5.459,0.14,0.581,0.0,0.135,0.51,115.066,Happy
0.593,0.329,-8.883,0.0332,0.849,0.0,0.169,0.416,76.063,Sad
0.717,0.38,-11.366,0.0483,0.923,0.00893,0.113,0.379,130.035,Sad
0.647,0.309,-7.948,0.0366,0.78,7.41e-06,0.202,0.195,87.045,Sad
0.679,0.557,-7.111,0.0413,0.0701,2.18e-05,0.288,0.183,75.005,Sad
0.705,0.56,-4.098,0.036,0.699,0.0,0.857,0.502,105.027,Chill
0.584,0.551,-12.314,0.0364,0.597,0.00206,0.121,0.163,116.123,Sad
0.401,0.893,-7.601,0.0692,1.64e-05,0.00316,0.0767,0.151,79.991,Energetic
0.647,0.732,-5.846,0.0891,0.0846,0.0,0.597,0.548,67.295,Happy
0.656,0.697,-6.663,0.152,0.0776,0.0,0.155,0.371,136.005,Energetic
0.595,0.435,-6.939,0.199,0.636,0.0,0.134,0.361,169.993,Sad
0.658,0.644,-8.146,0.412,0.108,0.0,0.122,0.291,159.168,Sad
0.419,0.488,-9.944,0.057,0.547,2.23e-06,0.105,0.237,80.189,Sad
0.789,0.634,-8.039,0.0379,0.0516,8.01e-05,0.168,0.653,124.988,Chill
0.804,0.905,-1.512,0.0517,0.415,5.49e-06,0.0741,0.715,98.055,Happy
0.303,0.954,-5.904,0.225,0.00468,0.706,0.848,0.331,152.673,Energetic
0.512,0.452,-8.991,0.0292,0.775,0.0818,0.065,0.235,124.103,Sad
0.139,0.0644,-17.121,0.0389,0.982,0.013,0.114,0.0509,90.37,Sad
0.573,0.846,-4.866,0.0344,0.00372,7.87e-05,0.29,0.562,127.061,Happy
0.603,0.366,-10.142,0.0247,0.836,0.0,0.218,0.339,79.887,Sad
0.762,0.697,-5.465,0.0496,0.0362,0.00412,0.505,0.261,123.086,Energetic
0.763,0.923,-3.108,0.191,0.103,0.0,0.105,0.934,121.074,Happy
0.662,0.422,-5.602,0.0403,0.653,0.0,0.116,0.533,82.078,Chill
0.778,0.518,-7.873,0.182,0.0246,0.000162,0.0743,0.731,179.036,Chill
0.553,0.725,-7.045,0.192,0.00226,0.0,0.0649,0.461,139.983,Energetic
0.473,0.541,-5.375,0.0304,0.654,0.00288,0.0867,0.534,94.945,Chill
0.785,0.481,-7.54,0.0315,0.0419,0.000467,0.136,0.689,93.998,Chill
0.5,0.457,-11.934,0.033,0.516,0.0229,0.122,0.444,112.946,Sad
0.718,0.475,-7.073,0.0292,0.61,2.23e-06,0.115,0.602,98.966,Chill
0.618,0.611,-6.654,0.11,0.477,0.0333,0.162,0.224,88.07,Sad
0.825,0.837,-4.397,0.213,0.153,0.0,0.21,0.767,120.737,Happy
0.75,0.483,-12.329,0.171,0.127,0.0,0.168,0.29,84.988,Sad
0.754,0.481,-7.91,0.444,0.387,0.0,0.35,0.289,83.907,Sad
0.739,0.746,-4.534,0.0283,0.193,0.0,0.222,0.494,105.956,Happy
0.777,0.658,-5.191,0.054,0.0767,0.0,0.0901,0.633,110.048,Chill
0.584,0.627,-4.607,0.187,0.251,0.0,0.0891,0.528,90.879,Chill
0.51,0.855,-4.459,0.0335,0.000139,5.16e-05,0.311,0.489,119.968,Happy
0.592,0.544,-9.187,0.405,0.857,0.0,0.117,0.259,130.047,Sad
0.655,0.351,-7.628,0.153,0.73,0.000176,0.291,0.316,141.689,Sad
0.114,0.163,-13.424,0.0313,0.963,0.0257,0.0956,0.0922,84.334,Sad
0.548,0.361,-12.257,0.378,0.00681,0.0,0.116,0.539,81.991,Chill
0.946,0.268,-15.322,0.417,0.0208,0.0223,0.118,0.517,124.053,Chill
0.785,0.664,-6.479,0.0578,0.0759,0.0,0.13,0.634,110.014,Happy
0.75,0.861,-5.433,0.0502,0.00574,1.38e-05,0.0658,0.948,123.987,Happy
0.816,0.796,-4.905,0.218,0.47,1.2e-05,0.392,0.195,109.97,Energetic
0.845,0.394,-14.365,0.055,0.00591,0.312,0.054,0.447,113.015,Sad
0.834,0.777,-4.538,0.0593,0.22,0.00609,0.335,0.865,129.984,Happy
0.875,0.439,-8.094,0.0366,0.157,0.00368,0.0614,0.647,106.003,Chill
0.735,0.524,-6.656,0.0684,0.535,0.0,0.066,0.813,94.642,Chill
0.564,0.92,-3.128,0.0813,0.000158,0.0,0.322,0.509,151.022,Happy
0.64,0.629,-4.642,0.0271,0.418,4.24e-06,0.136,0.362,89.012,Sad
0.447,0.948,-2.505,0.114,0.00177,0.0,0.0853,0.431,169.906,Energetic
0.502,0.874,-5.883,0.0408,0.00248,0.965,0.125,0.0398,128.016,Energetic
0.333,0.512,-8.204,0.0528,0.129,0.0,0.111,0.152,152.489,Sad
0.729,0.969,-3.32,0.0463,0.16,0.0,0.185,0.796,130.027,Happy
0.432,0.726,-7.806,0.038,0.0435,0.296,0.518,0.11,125.986,Energetic
0.731,0.581,-5.153,0.0403,0.18,1.33e-05,0.294,0.872,96.021,Chill
0.612,0.821,-5.83,0.0327,0.0126,0.0,0.0797,0.265,110.079,Energetic
0.59,0.642,-3.87,0.122,0.0771,0.0,0.105,0.651,107.356,Chill
0.214,0.533,-6.503,0.0329,0.0542,3.54e-06,0.115,0.223,78.823,Sad
0.485,0.855,-2.42,0.305,0.189,0.0,0.396,0.549,92.339,Happy
0.855,0.649,-2.443,0.151,0.25,0.0,0.0801,0.741,161.986,Chill
0.254,0.63,-18.963,0.177,0.118,0.753,0.383,0.0442,83.295,Sad
0.795,0.779,-5.413,0.177,0.109,1.44e-05,0.0836,0.783,95.045,Happy
0.763,0.542,-6.753,0.148,0.639,0.0,0.113,0.504,142.031,Chill
0.669,0.831,-7.218,0.05,0.00585,0.0,0.0558,0.433,88.871,Energetic
0.562,0.406,-8.795,0.0247,0.611,0.000115,0.433,0.275,142.032,Sad
0.675,0.713,-7.632,0.169,0.152,2.82e-06,0.114,0.0811,164.96,Energetic
0.66,0.809,-4.837,0.156,0.0921,0.0,0.16,0.547,133.922,Happy
0.595,0.609,-6.962,0.114,0.0478,1.27e-05,0.104,0.512,170.031,Chill
0.763,0.496,-5.762,0.0785,0.674,0.000183,0.101,0.296,134.898,Sad
0.767,0.687,-7.893,0.105,0.239,0.0,0.664,0.529,103.967,Happy
0.507,0.874,-9.584,0.0661,0.00307,0.857,0.156,0.315,130.019,Energetic
0.836,0.598,-6.78,0.11,0.249,9.18e-05,0.172,0.587,101.987,Chill
0.519,0.635,-5.57,0.0375,0.371,0.0,0.116,0.38,124.173,Sad
0.583,0.775,-6.873,0.047,0.00444,0.835,0.279,0.371,126.018,Energetic
0.923,0.506,-10.45,0.252,0.353,7.49e-06,0.175,0.404,102.477,Sad
0.79,0.688,-6.272,0.0697,0.324,4.96e-05,0.0862,0.44,98.012,Energetic
0.639,0.493,-10.424,0.138,0.698,0.0,0.106,0.483,89.973,Sad
0.53,0.538,-6.672,0.0335,0.17,2.83e-06,0.248,0.288,148.051,Sad
0.799,0.674,-9.202,0.0779,0.332,0.804,0.137,0.669,123.989,Happy
0.759,0.43,-11.102,0.556,0.414,2.57e-05,0.0731,0.506,150.048,Chill
0.806,0.892,-4.523,0.0422,0.00245,0.917,0.0671,0.317,128.006,Energetic
0.653,0.725,-5.267,0.234,0.0284,4.02e-06,0.0491,0.654,140.0,Happy
0.762,0.897,-2.691,0.0987,0.273,0.0,0.109,0.877,94.03,Happy
0.645,0.803,-4.819,0.034,0.0312,0.0,0.13,0.471,106.03,Energetic
0.504,0.537,-5.532,0.0278,0.138,0.0,0.145,0.194,131.991,Sad
0.485,0.541,-5.596,0.0481,0.506,0.0,0.113,0.13,103.006,Sad
0.612,0.597,-8.565,0.193,0.801,7.7e-06,0.115,0.535,77.602,Chill
0.52,0.978,-1.412,0.0719,0.0464,0.0,0.0881,0.293,154.897,Energetic
0.576,0.936,-2.023,0.0711,0.0328,0.0,0.09,0.655,154.938,Happy
0.909,0.476,-9.873,0.244,0.475,0.0,0.34,0.329,114.009,Sad
0.684,0.378,-4.517,0.0293,0.579,0.0,0.0781,0.407,125.805,Sad
0.786,0.567,-6.52,0.0406,0.381,0.0,0.0565,0.734,130.003,Chill
0.773,0.765,-8.069,0.0512,0.00117,0.847,0.0762,0.585,122.008,Happy
0.259,0.506,-6.552,0.0433,0.485,0.0,0.114,0.187,179.109,Sad
0.529,0.143,-27.951,0.0335,0.947,0.977,0.125,0.156,119.915,Sad
0.451,0.135,-9.277,0.0404,0.936,0.0,0.0658,0.107,95.348,Sad
0.619,0.881,-4.683,0.0834,0.0632,0.0,0.103,0.769,160.145,Happy
0.713,0.968,-3.172,0.0588,0.103,0.834,0.82,0.812,127.99,Happy
0.528,0.714,-8.745,0.239,0.49,0.0,0.248,0.54,121.836,Happy
0.6,0.592,-3.401,0.03,0.576,0.0,0.215,0.73,153.932,Chill
0.697,0.841,-2.315,0.05,0.00104,0.113,0.134,0.711,126.015,Happy
0.797,0.59,-9.776,0.132,0.322,4.5e-06,0.0766,0.587,99.951,Chill
0.726,0.84,-9.877,0.243,0.564,2.76e-05,0.318,0.691,121.131,Happy
0.874,0.557,-6.416,0.175,0.182,0.0,0.104,0.353,120.064,Sad
0.763,0.815,-6.386,0.0543,0.0305,0.0,0.492,0.66,125.038,Happy
0.387,0.86,-3.594,0.123,0.0128,3.56e-05,0.316,0.297,83.758,Energetic
0.704,0.961,-4.287,0.0549,0.000532,0.912,0.067,0.29,128.003,Energetic
0.62,0.741,-6.081,0.137,0.531,2.92e-05,0.156,0.353,140.04,Energetic
0.707,0.82,-5.393,0.0415,0.206,0.0,0.556,0.733,136.988,Happy
0.78,0.694,-9.111,0.0698,0.00262,0.765,0.344,0.615,126.065,Happy
0.715,0.874,-3.576,0.0548,0.126,0.000162,0.105,0.652,96.995,Happy
0.705,0.339,-8.274,0.0504,0.856,0.000103,0.119,0.629,76.331,Chill
0.738,0.78,-6.677,0.0345,0.324,2.51e-06,0.0989,0.779,139.914,Happy
0.709,0.959,-1.339,0.0603,0.0296,0.00188,0.107,0.644,128.983,Happy
0.777,0.696,-5.123,0.0464,0.0929,0.0,0.117,0.34,93.019,Energetic
0.29,0.568,-6.659,0.0352,0.328,0.0,0.0675,0.181,149.916,Sad
0.819,0.702,-4.865,0.0554,0.0225,0.000124,0.0893,0.937,137.023,Happy
0.66,0.691,-5.939,0.0893,0.248,0.00019,0.196,0.637,95.061,Happy
0.641,0.613,-9.451,0.0344,0.388,1.66e-06,0.0798,0.811,131.828,Chill
0.165,0.097,-18.42,0.0406,0.866,0.801,0.111,0.0654,82.936,Sad
0.257,0.546,-16.036,0.0411,0.000572,0.0,0.174,0.525,174.881,Chill
0.419,0.207,-12.746,0.127,0.94,3.32e-05,0.352,0.532,80.154,Chill
0.688,0.91,-2.257,0.0742,0.0651,0.0,0.674,0.877,147.767,Happy
0.793,0.499,-9.341,0.395,0.417,4.3e-06,0.157,0.549,86.113,Chill
0.568,0.678,-6.185,0.0366,0.428,0.0,0.107,0.241,104.992,Energetic
0.74,0.946,-5.938,0.0904,0.00767,0.00293,0.307,0.731,118.967,Happy
0.44,0.503,-11.245,0.101,0.306,0.0,0.092,0.618,163.768,Chill
0.563,0.68,-5.395,0.0379,0.129,0.0,0.0779,0.649,70.039,Happy
0.813,0.796,-5.545,0.163,0.156,0.0366,0.114,0.539,95.026,Happy
0.562,0.707,-4.782,0.045,0.33,0.0,0.171,0.334,139.876,Energetic
0.751,0.57,-7.017,0.209,0.126,0.0,0.101,0.705,110.021,Chill
0.822,0.264,-9.37,0.0593,0.669,0.0,0.0972,0.672,135.117,Chill
0.703,0.931,-3.191,0.0507,0.0934,0.0,0.342,0.642,90.017,Happy
0.53,0.907,-4.573,0.34,0.106,0.0,0.309,0.56,202.018,Happy
0.646,0.812,-6.861,0.621,0.237,0.0,0.777,0.829,104.232,Happy
0.87,0.662,-9.956,0.461,0.0332,0.0,0.0865,0.59,120.052,Happy
0.716,0.331,-11.502,0.0331,0.825,0.0,0.0885,0.51,117.912,Chill
0.829,0.871,-3.825,0.052,0.133,0.0,0.202,0.67,116.009,Happy
0.737,0.825,-6.108,0.0468,0.00513,0.944,0.0963,0.463,139.707,Energetic
0.591,0.473,-5.813,0.0397,0.517,0.0,0.317,0.899,161.793,Chill
0.747,0.643,-6.046,0.29,0.0524,0.0,0.0772,0.429,119.918,Sad
0.667,0.629,-8.17,0.0403,0.133,0.00144,0.0957,0.308,118.976,Sad
0.568,0.707,-5.106,0.0375,0.129,0.0,0.0999,0.495,150.11,Happy
0.492,0.758,-6.476,0.397,0.469,0.0,0.108,0.617,203.76,Happy
0.522,0.544,-8.448,0.0655,0.316,0.941,0.193,0.259,80.044,Sad
0.786,0.665,-6.982,0.176,0.641,0.0,0.116,0.444,110.129,Energetic
0.628,0.948,-2.58,0.119,0.075,0.000482,0.0777,0.89,135.006,Happy
0.658,0.628,-8.311,0.0515,0.529,6.54e-05,0.0687,0.674,94.964,Chill
0.447,0.866,-5.569,0.0765,0.000123,6.73e-05,0.141,0.687,168.564,Happy
0.755,0.565,-5.173,0.0838,0.532,3.86e-06,0.128,0.328,104.744,Sad
0.385,0.745,-6.068,0.411,0.273,0.0,0.806,0.362,74.189,Energetic
0.514,0.881,-7.424,0.0705,0.00811,4.5e-06,0.239,0.248,104.282,Energetic
0.846,0.774,-7.016,0.107,0.0319,0.000167,0.278,0.534,114.983,Happy
0.838,0.604,-7.726,0.241,0.244,0.0,0.107,0.77,132.085,Chill
0.625,0.801,-5.119,0.062,0.209,0.0,0.171,0.667,128.103,Happy
0.751,0.87,-5.712,0.0554,0.185,0.00106,0.0202,0.769,116.983,Happy
0.851,0.331,-9.458,0.0403,0.326,6.57e-05,0.0913,0.439,94.002,Sad
0.819,0.859,-6.264,0.224,0.0244,0.0,0.0916,0.612,104.906,Happy
0.799,0.663,-4.956,0.171,0.389,0.0,0.105,0.425,95.053,Energetic
0.847,0.552,-12.189,0.26,0.199,1.68e-06,0.142,0.748,99.997,Chill
0.841,0.611,-8.994,0.0973,0.136,3.96e-06,0.114,0.566,127.965,Chill
0.502,0.886,-9.289,0.0787,9.79e-06,0.799,0.501,0.0387,130.09,Energetic
0.77,0.632,-4.77,0.227,0.0465,0.00937,0.175,0.819,184.073,Chill
0.617,0.7,-4.782,0.287,0.0782,0.0,0.0816,0.143,87.128,Energetic
0.736,0.447,-13.587,0.237,0.1,0.0,0.109,0.565,78.564,Chill
0.488,0.847,-7.627,0.0459,0.0166,0.717,0.694,0.165,126.819,Energetic
0.852,0.73,-5.803,0.0579,0.0219,0.0,0.336,0.394,92.506,Energetic
0.671,0.424,-16.249,0.148,0.0288,0.817,0.109,0.687,180.027,Chill
0.873,0.495,-5.446,0.0518,0.199,0.0,0.0805,0.546,106.033,Chill
0.441,0.737,-5.234,0.0665,0.427,0.000871,0.13,0.865,90.005,Happy
0.823,0.555,-6.948,0.304,0.0191,3.55e-05,0.106,0.338,180.095,Sad
0.568,0.675,-6.392,0.133,0.0294,0.0,0.215,0.195,79.889,Energetic
0.71,0.76,-4.831,0.0595,0.0142,0.0,0.15,0.73,93.958,Happy
0.476,0.532,-5.788,0.0285,0.846,0.0,0.125,0.321,147.841,Sad
0.729,0.923,-6.005,0.0426,0.000178,0.715,0.101,0.35,128.036,Energetic
0.31,0.891,-1.66,0.0469,0.00157,0.0,0.284,0.748,184.886,Happy
0.64,0.579,-10.65,0.0445,0.703,0.0,0.0709,0.426,135.943,Sad
0.633,0.327,-8.225,0.0431,0.784,0.0,0.185,0.557,149.959,Chill
0.726,0.746,-5.451,0.0344,0.27,0.0,0.0512,0.713,79.956,Happy
0.863,0.673,-6.576,0.1,0.258,0.00271,0.0745,0.821,115.952,Happy
0.559,0.54,-4.893,0.0673,0.206,0.0,0.0808,0.571,113.129,Chill
0.781,0.693,-9.111,0.0697,0.00286,0.768,0.344,0.615,126.064,Happy
0.827,0.516,-6.032,0.17,0.299,0.0,0.121,0.913,100.005,Chill
0.953,0.491,-12.716,0.329,0.162,2.68e-05,0.269,0.815,126.995,Chill
0.642,0.65,-6.354,0.0546,0.305,0.0,0.313,0.364,172.058,Sad
0.548,0.473,-4.357,0.0291,0.635,0.0,0.227,0.603,150.084,Chill
0.455,0.471,-13.67,0.192,0.87,1.03e-05,0.106,0.42,184.143,Sad
0.788,0.615,-6.647,0.415,0.363,0.0,0.101,0.863,95.663,Chill
0.745,0.493,-9.162,0.24,0.227,0.0,0.0804,0.519,129.993,Chill
0.751,0.674,-7.101,0.212,0.565,0.000266,0.114,0.565,145.808,Happy
0.478,0.808,-5.269,0.334,0.306,0.0,0.116,0.338,82.467,Energetic
0.721,0.321,-13.023,0.14,0.912,0.964,0.101,0.966,95.106,Chill
0.756,0.556,-5.976,0.0358,0.0454,0.000722,0.153,0.9,120.001,Chill
0.567,0.759,-6.732,0.0656,0.28,5.45e-06,0.188,0.757,139.807,Happy
0.9,0.84,-4.939,0.311,0.0427,0.0,0.262,0.795,123.007,Happy
0.837,0.512,-7.481,0.125,0.000212,0.378,0.301,0.191,109.951,Sad
0.526,0.186,-8.689,0.0333,0.929,0.0,0.111,0.345,131.031,Sad
0.574,0.797,-6.927,0.0896,0.0167,0.00036,0.09,0.372,127.895,Energetic
0.574,0.827,-5.668,0.131,0.0654,0.0,0.0991,0.725,139.945,Happy
0.761,0.598,-7.533,0.207,0.0609,0.0,0.105,0.221,159.992,Sad
0.511,0.357,-7.5,0.062,0.349,8.64e-06,0.219,0.17,126.591,Sad
0.872,0.804,-5.373,0.0694,0.0315,4.05e-05,0.621,0.608,123.06,Happy
0.831,0.601,-7.49,0.0599,0.361,2e-05,0.0915,0.198,103.967,Sad
0.489,0.773,-5.216,0.0366,0.281,0.0,0.087,0.491,95.112,Happy
0.665,0.712,-7.536,0.0527,0.00103,0.00342,0.102,0.669,93.989,Happy
0.913,0.459,-9.398,0.129,0.0646,0.0,0.13,0.669,123.003,Chill
0.758,0.751,-7.624,0.14,0.0621,4.28e-06,0.176,0.881,136.08,Happy
0.824,0.696,-8.364,0.0478,0.518,0.0,0.0761,0.969,109.624,Happy
0.509,0.658,-6.348,0.0753,0.226,0.0,0.329,0.196,104.401,Sad
0.537,0.829,-6.831,0.0318,0.0268,0.00715,0.124,0.0383,140.047,Energetic
0.634,0.516,-6.05,0.0373,0.4,0.0,0.142,0.769,153.831,Chill
0.782,0.438,-9.449,0.0441,0.706,0.0,0.0974,0.446,100.002,Sad
0.573,0.874,-4.859,0.0271,0.101,0.0,0.0798,0.571,101.977,Happy
0.926,0.602,-5.704,0.316,0.29,0.0,0.105,0.838,123.101,Chill
0.699,0.498,-8.517,0.0751,0.566,0.0,0.2,0.243,127.015,Sad
0.888,0.702,-8.372,0.229,0.0129,0.217,0.123,0.383,121.987,Energetic
0.728,0.552,-8.208,0.0489,0.803,0.0,0.126,0.732,140.068,Chill
0.538,0.0251,-18.494,0.0374,0.575,1.51e-05,0.11,0.195,134.44,Sad
0.785,0.566,-7.64,0.0597,0.385,0.0,0.12,0.0446,120.021,Sad
0.837,0.698,-6.499,0.308,0.00216,0.0416,0.0902,0.112,128.019,Energetic
0.676,0.621,-12.746,0.259,0.273,0.0,0.0896,0.5,83.986,Chill
0.806,0.732,-9.945,0.0652,0.034,0.897,0.0925,0.207,122.005,Energetic
0.356,0.576,-9.825,0.145,0.641,0.000921,0.311,0.444,127.99,Sad
0.666,0.668,-4.737,0.12,0.279,0.0,0.26,0.964,171.951,Happy
0.522,0.381,-6.765,0.031,0.389,0.0,0.133,0.519,169.862,Chill
0.762,0.865,-8.374,0.132,0.000216,0.0534,0.874,0.0662,140.028,Energetic
0.671,0.674,-7.777,0.095,0.46,0.000197,0.173,0.374,141.043,Energetic
0.488,0.327,-5.621,0.0303,0.619,0.0,0.18,0.13,139.253,Sad
0.796,0.931,-6.327,0.0634,0.617,0.0,0.0475,0.963,171.959,Happy
0.449,0.819,-5.169,0.0513,0.204,0.0,0.289,0.507,180.019,Happy
0.605,0.571,-7.611,0.0497,0.817,0.0,0.189,0.359,83.953,Sad
0.584,0.731,-8.06,0.0839,0.0022,0.248,0.402,0.0766,126.021,Energetic
0.697,0.886,-3.425,0.295,0.113,0.0,0.296,0.662,175.884,Happy
0.665,0.762,-5.79,0.0327,0.00612,0.000495,0.0866,0.698,137.998,Happy
0.873,0.429,-9.868,0.217,0.183,3.01e-05,0.0968,0.44,98.014,Sad
0.523,0.662,-7.49,0.128,0.172,0.0,0.119,0.238,104.137,Energetic
0.802,0.838,-5.172,0.0512,0.224,0.0,0.0852,0.675,99.989,Happy
0.433,0.949,-6.265,0.134,0.000193,0.0251,0.444,0.405,139.859,Energetic
0.846,0.568,-7.443,0.0461,0.819,0.000204,0.0989,0.853,94.659,Chill
0.474,0.86,-2.022,0.0921,0.0566,3.57e-06,0.14,0.729,202.937,Happy
0.253,0.585,-11.509,0.0365,0.00614,0.0103,0.74,0.168,63.371,Sad
0.781,0.693,-9.111,0.0697,0.00286,0.768,0.344,0.615,126.064,Happy
0.518,0.822,-4.546,0.0645,0.3,0.0,0.067,0.314,127.793,Energetic
0.865,0.649,-10.444,0.201,0.141,0.00181,0.0808,0.491,109.982,Chill
0.748,0.796,-5.435,0.22,0.341,0.0,0.39,0.753,148.171,Happy
0.791,0.565,-3.933,0.0439,0.0623,0.0,0.156,0.181,99.961,Sad
0.8,0.904,-2.821,0.0845,0.0328,3.17e-05,0.182,0.806,124.979,Happy
0.878,0.551,-8.926,0.3,0.14,2.33e-05,0.093,0.72,74.98,Chill
0.579,0.664,-8.383,0.0585,0.0323,0.0,0.228,0.563,143.03,Happy
0.817,0.665,-6.224,0.0758,0.0549,0.0,0.103,0.662,104.957,Happy
0.472,0.956,-9.048,0.163,1.87e-05,0.324,0.419,0.207,138.041,Energetic
0.774,0.592,-6.586,0.82,0.452,2.34e-05,0.0867,0.732,202.383,Chill
0.749,0.731,-10.865,0.108,0.00314,0.867,0.111,0.0598,131.997,Energetic
0.672,0.642,-4.294,0.0452,0.612,0.0,0.103,0.485,89.979,Sad
0.729,0.741,-6.361,0.0457,0.0295,0.0,0.232,0.752,111.954,Happy
0.602,0.535,-8.195,0.0421,0.0875,0.0,0.17,0.249,137.837,Sad
0.708,0.838,-4.895,0.387,0.154,0.0,0.118,0.653,154.994,Happy
0.285,0.69,-9.465,0.0404,0.0492,0.84,0.127,0.298,125.993,Energetic
0.765,0.696,-4.96,0.126,0.161,0.0,0.0886,0.679,109.961,Happy
0.23,0.358,-12.739,0.0354,0.912,0.92,0.2,0.0332,100.096,Sad
0.459,0.0566,-18.854,0.0462,0.965,2.67e-06,0.0742,0.316,110.86,Sad
0.841,0.868,-1.682,0.147,0.278,0.00221,0.128,0.731,175.002,Happy
0.542,0.563,-9.154,0.0946,0.745,0.0,0.0887,0.348,78.554,Sad
0.688,0.812,-4.355,0.135,0.243,0.0,0.0742,0.834,89.01,Happy
0.76,0.584,-8.462,0.225,0.639,0.0,0.368,0.482,92.024,Sad
0.549,0.396,-8.435,0.437,0.168,0.0777,0.147,0.284,79.559,Sad
0.789,0.328,-12.088,0.0441,0.713,0.133,0.103,0.678,104.027,Chill
0.66,0.939,-5.469,0.0516,0.00112,0.901,0.208,0.865,123.996,Happy
0.634,0.691,-6.495,0.0265,0.0756,0.0,0.29,0.366,140.026,Energetic
0.55,0.883,-5.117,0.0601,0.00291,0.00275,0.349,0.641,152.994,Happy
0.464,0.914,-4.287,0.0449,1.39e-05,0.928,0.884,0.0887,173.877,Energetic
0.821,0.557,-8.585,0.0774,0.32,0.00553,0.343,0.568,99.969,Chill
0.618,0.609,-7.679,0.0306,0.612,2.47e-05,0.103,0.811,140.292,Chill
0.594,0.527,-6.805,0.0308,0.14,0.0,0.294,0.226,138.956,Sad
0.797,0.741,-4.379,0.146,0.243,0.0,0.123,0.244,130.36,Energetic
0.585,0.958,-2.396,0.0798,0.323,2.98e-06,0.324,0.832,173.99,Happy
0.738,0.748,-4.902,0.0453,0.182,0.0,0.11,0.896,94.949,Happy
0.432,0.336,-13.26,0.152,0.931,3.43e-06,0.383,0.398,84.216,Sad
0.457,0.179,-12.187,0.0349,0.788,0.0,0.252,0.341,103.077,Sad
0.79,0.484,-8.267,0.114,0.271,0.0129,0.127,0.431,171.988,Sad
0.714,0.743,-4.213,0.0328,0.366,0.0,0.26,0.972,122.527,Happy
0.686,0.561,-9.929,0.191,0.185,0.0,0.114,0.186,148.775,Sad
0.755,0.594,-6.719,0.299,0.644,4.26e-06,0.307,0.807,84.002,Chill
0.46,0.612,-8.76,0.0291,0.576,0.0,0.204,0.586,97.643,Chill
0.769,0.747,-7.406,0.0728,0.00123,0.86,0.0449,0.769,120.992,Happy
0.508,0.673,-7.256,0.359,0.211,9.85e-06,0.192,0.221,133.051,Energetic
0.789,0.515,-5.522,0.245,0.373,8.58e-05,0.239,0.603,88.996,Chill
0.537,0.474,-11.861,0.278,0.136,0.0,0.151,0.736,87.91,Chill
0.608,0.621,-9.531,0.122,0.003,0.00679,0.249,0.569,174.612,Chill
0.542,0.563,-7.446,0.0958,0.242,0.0,0.109,0.897,169.909,Chill
0.491,0.541,-9.329,0.0268,0.278,5.31e-06,0.12,0.2,143.813,Sad
0.671,0.473,-12.973,0.253,0.354,2.12e-05,0.171,0.613,149.937,Chill
0.909,0.568,-10.79,0.183,0.0692,0.0,0.114,0.445,119.965,Sad
0.724,0.94,-6.238,0.0476,0.00554,0.776,0.337,0.0903,128.028,Energetic
0.484,0.987,-0.314,0.0976,0.255,5.77e-06,0.509,0.35,150.008,Energetic
0.816,0.754,-7.479,0.177,0.00565,0.0202,0.38,0.745,126.054,Happy
0.865,0.725,-9.17,0.123,0.267,0.00186,0.0655,0.536,110.072,Happy
0.751,0.657,-4.642,0.0989,0.0955,0.0,0.0945,0.532,118.029,Chill
0.645,0.699,-7.634,0.174,0.306,0.000291,0.118,0.574,91.704,Happy
0.539,0.759,-3.66,0.327,0.607,0.0,0.108,0.707,166.218,Happy
0.469,0.938,-4.101,0.13,0.00373,0.0321,0.656,0.215,129.99,Energetic
0.598,0.175,-12.478,0.0356,0.455,0.00228,0.0891,0.0911,124.635,Sad
0.563,0.793,-6.435,0.0459,0.0736,0.0,0.0857,0.771,94.256,Happy
0.588,0.761,-4.713,0.0524,0.0262,0.00105,0.331,0.734,180.026,Happy
0.642,0.526,-7.013,0.0689,0.534,0.0,0.108,0.356,159.925,Sad
0.474,0.921,-10.431,0.0457,0.00491,0.859,0.476,0.696,93.007,Happy
0.716,0.334,-11.026,0.029,0.934,0.019,0.107,0.158,98.022,Sad
0.836,0.764,-5.135,0.058,0.015,0.0633,0.0909,0.589,100.014,Happy
0.482,0.807,-4.846,0.0453,0.142,0.0,0.114,0.331,127.999,Energetic
0.871,0.451,-12.491,0.418,0.74,4.31e-05,0.109,0.186,130.057,Sad
0.786,0.667,-8.272,0.054,0.0112,0.053,0.074,0.688,102.046,Happy
0.49,0.606,-6.604,0.0424,0.169,0.00106,0.0704,0.119,126.553,Sad
0.587,0.719,-7.237,0.326,0.102,0.0,0.147,0.533,87.791,Happy
0.695,0.708,-6.348,0.0428,0.182,0.0,0.0462,0.599,105.997,Happy
0.63,0.396,-9.162,0.0334,0.875,0.0,0.1,0.246,142.046,Sad
0.807,0.564,-8.374,0.296,0.296,0.0,0.0761,0.476,100.149,Sad
0.758,0.719,-6.127,0.0384,0.00569,0.00119,0.0788,0.131,115.042,Energetic
0.767,0.812,-6.688,0.0479,0.0199,0.0,0.115,0.643,125.013,Happy
0.512,0.826,-8.171,0.0336,0.0542,0.0,0.104,0.966,131.771,Happy
0.586,0.448,-10.042,0.0353,0.177,1.19e-06,0.389,0.152,115.935,Sad
0.758,0.718,-6.129,0.0383,0.00565,0.00132,0.0781,0.127,115.04,Energetic
0.8,0.917,-5.431,0.0631,0.00126,0.115,0.0694,0.662,123.002,Happy
0.557,0.625,-8.079,0.0348,0.0528,5.81e-06,0.591,0.578,74.992,Chill
0.73,0.547,-5.166,0.0565,0.765,3.99e-05,0.0874,0.533,147.921,Chill
0.715,0.566,-8.434,0.135,0.123,0.0,0.142,0.518,165.106,Chill
0.523,0.536,-6.637,0.103,0.305,1.02e-06,0.158,0.243,179.924,Sad
0.552,0.769,-8.566,0.032,0.00352,0.815,0.184,0.12,127.009,Energetic
0.53,0.828,-6.017,0.134,0.215,0.0,0.135,0.471,189.995,Energetic
0.784,0.407,-9.521,0.0334,0.417,0.0,0.581,0.971,112.605,Chill
0.692,0.499,-11.547,0.0729,0.0399,0.774,0.109,0.327,172.026,Sad
0.763,0.535,-6.0,0.0512,0.655,0.0,0.133,0.719,134.877,Chill
0.726,0.358,-10.22,0.131,0.114,0.0,0.12,0.245,99.975,Sad
0.871,0.654,-6.593,0.15,0.27,0.0,0.105,0.805,95.945,Chill
0.515,0.556,-8.755,0.0318,0.178,7.35e-06,0.126,0.381,92.115,Sad
0.238,0.0328,-25.819,0.0363,0.943,0.881,0.153,0.0481,77.679,Sad
0.847,0.651,-7.119,0.306,0.423,1.27e-06,0.129,0.392,141.049,Sad
0.482,0.501,-4.905,0.0271,0.7,0.000655,0.148,0.667,101.597,Chill
0.528,0.927,-6.617,0.0653,0.000561,0.901,0.1,0.0961,137.978,Energetic
0.761,0.508,-8.402,0.0567,0.13,0.000806,0.0851,0.48,120.008,Sad
0.594,0.945,-2.709,0.33,0.165,0.0,0.137,0.712,146.054,Happy
0.666,0.413,-5.955,0.239,0.605,0.000896,0.111,0.805,85.292,Chill
0.418,0.388,-7.703,0.0275,0.266,0.00028,0.172,0.187,139.432,Sad
0.74,0.405,-8.477,0.0686,0.73,0.0,0.12,0.599,83.058,Chill
0.642,0.851,-3.448,0.103,0.143,0.0,0.776,0.653,96.996,Happy
0.884,0.452,-9.634,0.107,0.168,0.0812,0.162,0.378,140.022,Sad
0.628,0.883,-4.327,0.031,0.175,0.0,0.0734,0.859,155.981,Happy
0.719,0.265,-12.782,0.0754,0.296,0.0865,0.108,0.273,80.021,Sad
0.557,0.728,-6.892,0.0555,0.0728,0.015,0.114,0.326,104.918,Energetic
0.155,0.0472,-17.867,0.0399,0.97,0.418,0.0912,0.036,80.006,Sad
0.686,0.723,-8.699,0.0358,0.793,0.00241,0.148,0.47,107.965,Energetic
0.649,0.555,-4.655,0.0292,0.0616,3.45e-06,0.0874,0.607,128.009,Chill
0.597,0.0795,-14.349,0.0416,0.878,4.63e-06,0.125,0.438,116.422,Sad
0.567,0.541,-6.362,0.0277,0.0155,0.0,0.145,0.23,130.027,Sad
0.464,0.473,-10.086,0.129,0.866,0.0,0.109,0.604,75.801,Chill
0.547,0.688,-3.858,0.185,0.0258,0.0,0.239,0.429,153.927,Energetic
0.521,0.746,-3.421,0.0349,0.0486,0.0,0.236,0.15,132.014,Energetic
0.555,0.834,-6.084,0.315,0.0439,1.05e-05,0.0448,0.709,82.484,Happy
0.76,0.625,-8.975,0.372,0.851,0.0,0.09,0.249,127.981,Sad
0.636,0.736,-6.091,0.0527,0.207,0.0,0.191,0.399,93.942,Energetic
0.785,0.76,-4.168,0.0438,0.175,6.25e-05,0.169,0.498,101.964,Happy
0.556,0.949,-4.245,0.0841,0.0213,9.8e-05,0.131,0.577,95.004,Happy
0.706,0.478,-6.962,0.154,0.609,0.0,0.115,0.33,78.528,Sad
0.789,0.888,-3.024,0.101,0.434,0.0,0.155,0.763,120.957,Happy
0.781,0.755,-4.889,0.204,0.111,0.0,0.12,0.789,106.033,Happy
0.548,0.861,-5.844,0.0605,0.0106,1.15e-05,0.323,0.305,140.072,Energetic
0.642,0.466,-11.283,0.23,0.2,0.0,0.104,0.186,163.766,Sad
0.536,0.555,-11.664,0.0369,0.629,0.0828,0.132,0.277,119.693,Sad
0.823,0.807,-9.061,0.153,0.35,0.00975,0.781,0.86,90.906,Happy
0.348,0.652,-7.145,0.0931,0.0165,0.000264,0.33,0.172,70.956,Sad
0.722,0.446,-14.155,0.0605,0.186,0.00339,0.125,0.406,106.985,Sad
0.602,0.678,-7.516,0.113,0.206,0.0,0.21,0.558,159.899,Happy
0.498,0.454,-8.072,0.0396,0.71,0.0,0.111,0.228,135.211,Sad
0.72,0.415,-9.527,0.354,0.834,1.01e-06,0.0893,0.235,94.88,Sad
0.292,0.451,-7.028,0.0332,0.792,7.92e-06,0.109,0.366,183.739,Sad
0.493,0.606,-8.409,0.16,0.307,1.01e-05,0.113,0.233,104.887,Sad
0.764,0.649,-6.163,0.182,0.0869,3.7e-06,0.103,0.61,99.974,Chill
0.358,0.435,-7.265,0.0349,0.00819,0.000936,0.112,0.14,76.132,Sad
0.73,0.803,-4.57,0.0438,0.0171,7.72e-06,0.142,0.483,92.987,Energetic
0.61,0.236,-16.491,0.0602,0.729,0.389,0.115,0.0368,183.995,Sad
0.732,0.856,-2.2,0.0929,0.0828,0.0,0.323,0.771,145.034,Happy
0.332,0.978,-12.178,0.0754,0.000469,0.854,0.179,0.197,137.961,Energetic
0.831,0.598,-7.171,0.0735,0.0997,0.0,0.111,0.234,136.981,Sad
0.586,0.537,-6.02,0.0281,0.605,0.0228,0.108,0.432,77.986,Sad
0.691,0.792,-2.896,0.152,0.495,0.0,0.164,0.565,160.025,Happy
0.583,0.364,-8.164,0.0267,0.0562,0.0,0.336,0.352,139.935,Sad
0.651,0.492,-9.013,0.0825,0.219,0.0,0.105,0.82,165.903,Chill
0.518,0.729,-7.193,0.0452,0.183,0.0,0.0643,0.343,156.879,Energetic
0.572,0.419,-17.205,0.0335,0.967,0.96,0.551,0.176,120.002,Sad
0.654,0.49,-11.531,0.207,0.634,0.00146,0.113,0.542,98.021,Chill
0.693,0.821,-4.606,0.0383,0.00377,0.0,0.0858,0.391,95.028,Energetic
0.36,0.233,-11.512,0.0509,0.9,3.96e-06,0.106,0.37,77.436,Sad
0.722,0.665,-8.038,0.255,0.247,0.0,0.089,0.462,150.095,Energetic
0.854,0.707,-7.875,0.168,0.668,0.0,0.201,0.714,110.098,Happy
0.608,0.169,-12.149,0.037,0.983,0.00128,0.0673,0.21,107.779,Sad
0.625,0.636,-5.637,0.0828,0.0478,0.0,0.246,0.625,144.008,Chill
0.862,0.658,-4.042,0.164,0.143,0.0,0.119,0.517,90.97,Chill
0.602,0.685,-6.346,0.0618,0.0265,1.43e-05,0.116,0.344,83.963,Energetic
0.427,0.409,-10.06,0.0306,0.716,0.0,0.0958,0.37,159.826,Sad
0.718,0.264,-8.907,0.147,0.855,0.000369,0.319,0.28,75.133,Sad
0.639,0.354,-14.696,0.166,0.877,0.0605,0.097,0.551,142.403,Chill
0.617,0.953,-4.162,0.0693,0.119,0.0,0.331,0.594,154.964,Happy
0.571,0.698,-7.259,0.0365,0.00142,0.814,0.199,0.0915,130.021,Energetic
0.735,0.895,-6.617,0.264,0.447,0.00135,0.253,0.71,159.882,Happy
0.526,0.659,-6.96,0.308,0.244,0.0,0.101,0.306,119.911,Sad
0.886,0.57,-8.143,0.316,0.11,1.24e-06,0.738,0.677,104.971,Chill
0.957,0.663,-10.458,0.283,0.295,2.41e-06,0.217,0.805,126.985,Happy
0.684,0.819,-5.072,0.0413,0.0259,0.0775,0.0985,0.607,122.008,Happy
0.844,0.443,-9.538,0.106,0.785,0.0,0.111,0.587,113.012,Chill
0.563,0.645,-6.422,0.0428,0.293,0.0,0.202,0.523,89.976,Chill
0.665,0.515,-3.648,0.0442,0.454,0.0,0.367,0.805,93.082,Chill
0.417,0.703,-8.335,0.176,2.14e-05,0.962,0.773,0.226,126.133,Energetic
0.529,0.0388,-31.321,0.035,0.893,0.0152,0.101,0.429,110.06,Sad
0.563,0.737,-6.428,0.053,0.00617,0.0,0.0956,0.593,180.131,Happy
0.636,0.409,-20.585,0.803,0.854,0.0,0.721,0.778,114.502,Chill
0.714,0.78,-4.56,0.0424,0.0904,0.0,0.0498,0.793,128.05,Happy
0.745,0.743,-5.699,0.0403,0.647,0.00302,0.0859,0.797,142.999,Happy
0.656,0.274,-7.985,0.0389,0.907,2.45e-06,0.118,0.422,106.472,Sad
0.954,0.41,-7.725,0.157,0.608,1.76e-05,0.133,0.457,130.074,Sad
0.554,0.652,-4.874,0.425,0.208,0.000201,0.104,0.346,184.012,Sad
0.802,0.479,-11.316,0.11,0.19,0.0,0.142,0.89,88.005,Chill
0.785,0.531,-6.412,0.211,0.0458,0.0,0.0641,0.771,164.048,Chill
0.607,0.39,-6.654,0.0323,0.433,0.0,0.183,0.375,126.062,Sad
0.435,0.514,-11.711,0.0338,0.786,0.0194,0.14,0.504,115.792,Chill
0.537,0.636,-6.369,0.0328,0.0893,0.0,0.0941,0.609,139.966,Chill
0.891,0.622,-7.053,0.052,0.0504,0.000745,0.0897,0.763,110.012,Chill
0.773,0.799,-4.655,0.0296,0.449,1.82e-06,0.0929,0.926,135.082,Happy
0.632,0.601,-7.657,0.0315,0.0856,0.0,0.147,0.211,141.95,Sad
0.436,0.886,-6.608,0.0387,0.0159,0.0866,0.0888,0.169,132.027,Energetic
0.791,0.662,-6.547,0.172,0.435,0.0,0.366,0.576,130.064,Happy
0.667,0.635,-5.924,0.0365,0.0534,0.0,0.0963,0.217,119.948,Sad
0.812,0.859,-3.367,0.165,0.513,0.0,0.174,0.793,102.022,Happy
0.737,0.828,-4.711,0.0396,0.0149,0.000583,0.0862,0.517,124.052,Happy
0.806,0.659,-10.912,0.0504,0.000811,0.832,0.167,0.0399,125.009,Sad
0.636,0.707,-7.233,0.122,0.364,0.000112,0.172,0.693,89.981,Happy
0.733,0.771,-6.546,0.107,0.142,0.0,0.253,0.796,149.878,Happy
0.741,0.869,-5.569,0.275,0.106,0.0,0.0915,0.734,97.03,Happy
0.565,0.394,-8.307,0.0298,0.669,8.91e-05,0.0764,0.285,139.859,Sad
0.708,0.919,-3.815,0.0553,0.127,0.0,0.193,0.531,95.027,Happy
0.629,0.478,-7.993,0.0327,0.503,0.0,0.0342,0.567,72.991,Chill
0.528,0.811,-7.147,0.0651,0.304,2.21e-05,0.0565,0.748,166.022,Happy
0.565,0.902,-3.363,0.215,0.0807,0.0,0.486,0.764,150.148,Happy
0.633,0.94,-3.542,0.21,0.00504,0.118,0.0682,0.665,127.993,Happy
0.552,0.547,-7.353,0.0448,0.084,0.0,0.202,0.432,163.99,Sad
0.687,0.91,-3.198,0.0797,0.0696,0.00024,0.0771,0.451,124.015,Energetic
0.747,0.684,-7.201,0.0537,0.419,0.00247,0.155,0.798,99.998,Happy
0.331,0.235,-13.816,0.0411,0.891,2.98e-06,0.107,0.252,82.511,Sad
0.735,0.872,-3.053,0.0398,0.58,0.0,0.541,0.833,101.995,Happy
0.738,0.717,-6.46,0.314,0.193,6.47e-06,0.0706,0.518,150.932,Happy
0.682,0.762,-8.569,0.111,0.011,0.883,0.0966,0.0707,138.016,Energetic
0.459,0.864,-4.397,0.059,0.011,3.36e-06,0.314,0.623,74.867,Happy
0.648,0.906,-3.134,0.101,0.0807,0.0,0.123,0.836,86.985,Happy
0.427,0.399,-7.983,0.0327,0.766,1.12e-06,0.102,0.337,169.749,Sad
0.884,0.559,-8.875,0.261,0.0269,0.0,0.0996,0.455,100.042,Sad
0.609,0.428,-10.247,0.056,0.611,0.0,0.102,0.21,92.069,Sad
0.688,0.62,-8.029,0.22,0.753,5.32e-06,0.157,0.727,170.011,Chill
0.628,0.192,-8.99,0.0289,0.87,0.0,0.11,0.255,106.834,Sad
0.829,0.345,-17.298,0.235,0.245,0.0125,0.388,0.439,130.059,Sad
0.69,0.562,-6.842,0.0675,0.254,0.0,0.112,0.57,101.996,Chill
0.807,0.674,-6.94,0.119,0.0174,6.35e-06,0.061,0.788,94.984,Happy
0.542,0.699,-6.472,0.0346,0.0266,0.0,0.112,0.51,97.936,Happy
0.161,0.579,-11.515,0.0414,0.00745,0.0293,0.283,0.318,94.939,Sad
0.758,0.932,-2.809,0.0372,0.0558,0.0,0.097,0.592,125.993,Happy
0.743,0.422,-6.513,0.0293,0.386,0.0,0.0787,0.378,130.098,Sad
0.68,0.752,-3.987,0.372,0.214,0.0,0.225,0.461,191.977,Energetic
0.757,0.319,-6.324,0.0361,0.746,0.0,0.133,0.436,118.79,Sad
0.506,0.393,-8.706,0.0287,0.828,0.0,0.146,0.277,132.537,Sad
0.691,0.739,-7.476,0.132,0.4,0.00357,0.331,0.655,167.904,Happy
0.481,0.614,-8.898,0.0544,0.421,0.000275,0.103,0.435,180.018,Sad
0.736,0.801,-5.902,0.225,0.526,0.0,0.112,0.923,166.169,Happy
0.67,0.453,-11.265,0.295,0.252,0.33,0.117,0.68,135.055,Chill
0.635,0.906,-5.595,0.0498,0.000934,0.511,0.0847,0.054,128.046,Energetic
0.582,0.919,-9.682,0.0758,0.00245,0.0971,0.702,0.859,130.016,Happy
0.753,0.234,-15.194,0.111,0.0889,0.655,0.0863,0.198,171.988,Sad
0.806,0.632,-4.408,0.0592,0.0945,0.0,0.0818,0.431,68.747,Sad
0.59,0.646,-4.666,0.0603,0.0108,0.0,0.473,0.325,117.066,Sad
0.413,0.897,-2.746,0.147,0.142,5.19e-06,0.157,0.617,90.449,Happy
0.462,0.0625,-20.811,0.0389,0.945,0.177,0.14,0.585,80.591,Chill
0.583,0.468,-8.794,0.339,0.334,0.0,0.1,0.322,130.002,Sad
0.853,0.777,-4.023,0.0684,0.101,0.000615,0.332,0.547,94.031,Happy
0.828,0.686,-5.242,0.264,0.0519,2.23e-06,0.11,0.544,156.033,Happy
0.709,0.203,-10.181,0.0621,0.838,0.00413,0.378,0.155,80.067,Sad
0.655,0.622,-7.264,0.102,0.121,0.0,0.0854,0.192,140.029,Sad
0.629,0.957,-2.456,0.0674,0.00317,0.0,0.0758,0.924,114.016,Happy
0.616,0.848,-2.934,0.113,0.028,0.0,0.158,0.33,127.89,Energetic
0.867,0.657,-7.581,0.0552,0.0091,7.96e-06,0.104,0.837,128.014,Chill
0.787,0.457,-7.633,0.0507,0.673,0.0,0.0962,0.292,80.023,Sad
0.464,0.83,-5.197,0.0371,0.379,0.0,0.171,0.48,84.986,Energetic
0.561,0.493,-6.207,0.0355,0.56,0.0,0.103,0.429,74.977,Sad
0.72,0.717,-5.613,0.0758,0.299,0.0,0.0799,0.54,103.999,Happy
0.463,0.653,-5.515,0.0273,0.111,0.000136,0.172,0.233,143.912,Sad
0.511,0.772,-5.551,0.115,0.558,0.0,0.267,0.612,163.061,Happy
0.502,0.501,-8.212,0.289,0.278,0.0154,0.0969,0.264,140.038,Sad
0.547,0.496,-7.436,0.249,0.0495,2.78e-05,0.0923,0.5,159.07,Chill
0.709,0.337,-13.14,0.106,0.447,0.000162,0.846,0.387,68.0,Sad
0.686,0.644,-5.182,0.0594,0.395,0.0,0.132,0.856,176.001,Chill
0.894,0.511,-4.768,0.42,0.0251,0.0,0.14,0.568,120.08,Chill
0.903,0.634,-4.027,0.175,0.396,3.35e-06,0.0712,0.553,101.053,Chill
0.871,0.545,-8.279,0.695,0.000826,0.0,0.0779,0.3,160.097,Sad
0.536,0.756,-6.411,0.0598,0.244,8.64e-05,0.583,0.276,143.943,Energetic
0.688,0.813,-5.916,0.0381,0.0261,0.00226,0.104,0.589,163.918,Happy
0.484,0.746,-8.51,0.0418,4.61e-05,0.0348,0.287,0.484,150.017,Energetic
0.718,0.414,-10.798,0.203,0.331,0.00793,0.359,0.313,140.012,Sad
0.586,0.618,-9.09,0.255,0.638,0.000133,0.216,0.408,154.907,Sad
0.409,0.323,-8.563,0.028,0.754,0.0,0.379,0.266,169.488,Sad
0.188,0.38,-34.995,0.102,0.868,0.321,0.112,0.0302,128.638,Sad
0.488,0.375,-8.412,0.0339,0.761,0.0,0.151,0.254,130.825,Sad
0.75,0.873,-6.577,0.129,0.0678,0.0,0.0954,0.416,98.973,Energetic
0.215,0.278,-9.359,0.031,0.464,1.1e-06,0.102,0.178,166.388,Sad
0.535,0.877,-2.181,0.0465,0.033,0.000167,0.144,0.115,150.022,Energetic
0.675,0.5,-5.825,0.0258,0.3,0.0,0.312,0.773,93.917,Chill
0.483,0.446,-7.508,0.0282,0.911,0.00411,0.106,0.309,104.464,Sad
0.72,0.646,-7.422,0.319,0.346,0.0,0.155,0.374,145.12,Sad
0.854,0.905,-5.478,0.223,0.312,0.0,0.0836,0.865,134.99,Happy
0.674,0.881,-2.853,0.147,0.296,3.01e-06,0.0793,0.234,98.994,Energetic
0.449,0.431,-9.047,0.0283,0.177,0.0,0.12,0.0992,139.615,Sad
0.714,0.822,-3.459,0.106,0.204,0.0,0.118,0.485,167.989,Energetic
0.605,0.812,-4.699,0.0403,0.515,0.0,0.419,0.451,110.081,Energetic
0.598,0.124,-18.804,0.0545,0.845,0.0,0.111,0.58,163.649,Chill
0.306,0.277,-9.109,0.0298,0.208,0.0,0.109,0.181,183.688,Sad
0.746,0.805,-4.499,0.0683,0.074,0.0,0.0548,0.843,144.983,Happy
0.837,0.643,-9.055,0.255,0.63,0.000113,0.121,0.54,87.508,Chill
0.673,0.907,-6.727,0.129,0.0563,0.000281,0.0976,0.765,144.497,Happy
0.697,0.855,-4.13,0.0282,0.341,0.000881,0.064,0.788,132.014,Happy
0.448,0.366,-13.691,0.0297,0.389,0.000847,0.819,0.146,132.173,Sad
0.337,0.625,-6.347,0.0401,0.0923,0.0,0.133,0.346,162.156,Sad
0.737,0.758,-5.508,0.0402,0.342,0.0,0.834,0.734,126.978,Happy
0.386,0.884,-6.325,0.167,0.108,0.0317,0.159,0.341,175.348,Energetic
0.7,0.635,-8.68,0.239,0.0832,0.000141,0.142,0.366,187.968,Sad
0.537,0.958,-3.84,0.0411,0.000538,0.465,0.29,0.124,130.027,Energetic
0.809,0.49,-5.587,0.0356,0.478,0.0,0.0996,0.88,122.346,Chill
0.841,0.636,-8.215,0.117,0.493,0.00557,0.103,0.219,131.996,Sad
0.784,0.672,-5.874,0.0477,0.137,0.737,0.339,0.0502,123.977,Energetic
0.81,0.731,-9.255,0.0579,0.00342,0.935,0.0658,0.444,122.994,Energetic
0.576,0.879,-4.859,0.0274,0.0938,0.0,0.0792,0.559,102.009,Happy
0.735,0.557,-8.312,0.248,0.229,0.0,0.114,0.682,78.02,Chill
0.517,0.796,-4.595,0.101,0.127,0.0,0.321,0.425,140.018,Energetic
0.753,0.832,-7.343,0.0453,0.012,0.966,0.335,0.475,126.008,Energetic
0.567,0.84,-5.453,0.047,0.356,0.0124,0.104,0.643,117.743,Happy
0.802,0.609,-8.607,0.0539,0.311,0.685,0.107,0.505,110.995,Chill
0.801,0.591,-5.18,0.143,0.0186,0.0,0.108,0.231,87.509,Sad
0.487,0.891,-1.545,0.119,0.401,0.0,0.0949,0.855,189.531,Happy
0.74,0.488,-7.664,0.27,0.234,0.0,0.241,0.584,149.042,Chill
0.847,0.637,-8.394,0.237,0.13,0.0,0.474,0.643,115.008,Chill
0.57,0.691,-5.985,0.385,0.0701,0.0,0.282,0.679,163.331,Happy
0.681,0.966,-2.915,0.135,0.0909,0.000816,0.73,0.291,126.005,Energetic
0.647,0.795,-3.548,0.0372,0.0635,0.0,0.188,0.409,127.992,Energetic
0.857,0.735,-5.221,0.0612,0.145,0.0036,0.0546,0.658,105.008,Happy
0.859,0.619,-9.434,0.121,0.137,0.0,0.0933,0.631,132.01,Chill
0.819,0.664,-5.612,0.0828,0.0958,1.75e-06,0.263,0.71,144.988,Happy
0.82,0.412,-8.57,0.203,0.0199,0.0,0.0582,0.394,85.177,Sad
0.796,0.756,-5.377,0.0974,0.048,0.0,0.0589,0.957,150.001,Happy
0.762,0.424,-9.609,0.0866,0.669,2.13e-05,0.261,0.656,109.912,Chill
0.577,0.543,-8.443,0.197,0.0175,0.0,0.113,0.512,75.721,Chill
0.751,0.747,-5.255,0.0405,0.668,0.0,0.224,0.722,113.959,Happy
0.72,0.647,-5.411,0.0642,0.0116,0.000206,0.571,0.809,157.877,Chill
0.602,0.785,-5.012,0.256,0.00372,2.38e-05,0.22,0.376,86.869,Energetic
0.658,0.756,-5.063,0.143,0.0519,0.0,0.0399,0.664,153.913,Happy
0.604,0.685,-5.679,0.0277,0.00543,0.063,0.0706,0.245,104.971,Energetic
0.341,0.994,0.06,0.374,0.0762,0.0,0.352,0.22,157.607,Energetic
0.668,0.684,-5.937,0.0527,0.627,0.0,0.923,0.7,108.138,Happy
0.686,0.86,-3.358,0.0517,0.0597,0.0,0.19,0.417,130.027,Energetic
0.715,0.795,-4.619,0.0354,0.013,2.27e-05,0.0917,0.348,123.001,Energetic
0.32,0.5,-7.979,0.0994,0.134,0.0,0.108,0.142,91.361,Sad
0.842,0.655,-6.443,0.345,0.0743,0.000332,0.307,0.497,135.025,Chill
0.755,0.695,-8.289,0.0878,0.0495,0.0,0.182,0.645,129.957,Happy
0.552,0.65,-7.199,0.128,0.422,0.000275,0.372,0.316,167.788,Sad
0.499,0.452,-6.787,0.0275,0.731,0.0,0.212,0.267,132.427,Sad
0.757,0.684,-5.206,0.037,0.154,0.0,0.835,0.626,120.116,Happy
0.858,0.646,-6.599,0.239,0.156,0.000207,0.347,0.256,122.051,Sad
0.75,0.828,-3.774,0.0316,0.365,0.0,0.313,0.838,103.099,Happy
0.556,0.825,-5.187,0.0645,0.00407,0.000131,0.0838,0.365,128.015,Energetic
0.68,0.246,-14.112,0.058,0.783,0.0,0.106,0.388,110.23,Sad
0.304,0.686,-4.869,0.0497,0.254,0.0,0.106,0.236,89.991,Energetic
0.691,0.75,-6.787,0.0906,0.234,2.63e-05,0.34,0.227,170.019,Energetic
0.742,0.247,-26.753,0.0546,0.238,0.902,0.118,0.473,123.009,Sad
0.548,0.494,-7.849,0.49,0.675,0.0,0.0895,0.641,84.109,Chill
0.535,0.52,-5.936,0.0261,0.103,1e-05,0.791,0.622,91.024,Chill
0.629,0.839,-5.528,0.0368,0.00268,0.00805,0.0875,0.322,134.002,Energetic
0.417,0.391,-6.226,0.0271,0.538,0.0,0.307,0.296,79.003,Sad
0.602,0.476,-9.071,0.0682,0.0969,0.005,0.142,0.264,155.07,Sad
0.837,0.556,-7.974,0.28,0.365,0.0,0.0955,0.519,126.078,Chill
0.139,0.142,-19.195,0.0438,0.984,0.971,0.12,0.0394,74.101,Sad
0.908,0.337,-14.22,0.048,0.000376,0.427,0.0816,0.263,120.019,Sad
0.652,0.679,-6.847,0.0321,0.0858,0.0,0.113,0.069,97.028,Energetic
0.466,0.41,-8.996,0.0398,0.632,4.45e-06,0.242,0.16,149.823,Sad
0.662,0.331,-8.35,0.0407,0.869,0.0,0.114,0.432,113.779,Sad
0.628,0.472,-10.667,0.301,0.397,0.0,0.0402,0.513,79.294,Chill
0.677,0.794,-5.97,0.0789,0.68,0.0,0.165,0.538,79.936,Happy
0.891,0.927,-5.496,0.223,0.134,0.0,0.0546,0.46,128.003,Energetic
0.567,0.972,-10.438,0.0508,0.00013,0.92,0.0562,0.92,137.981,Happy
0.746,0.573,-9.473,0.112,0.299,0.000352,0.0648,0.341,127.069,Sad
0.456,0.987,-0.756,0.0887,0.0134,0.0273,0.0469,0.306,173.971,Energetic
0.818,0.646,-5.325,0.273,0.0887,0.0,0.0991,0.868,174.041,Chill
0.767,0.315,-10.465,0.0331,0.834,0.00124,0.0798,0.696,101.966,Chill
0.945,0.565,-6.194,0.158,0.112,7.01e-06,0.0686,0.508,119.938,Chill
0.691,0.676,-8.181,0.324,0.255,9.17e-06,0.221,0.197,168.017,Energetic
0.676,0.771,-3.675,0.0483,0.0237,7e-06,0.102,0.569,99.048,Happy
0.571,0.535,-14.018,0.545,0.209,0.0,0.15,0.612,82.538,Chill
0.45,0.984,-4.252,0.123,0.00799,5.68e-06,0.135,0.334,156.993,Energetic
0.611,0.663,-4.916,0.035,0.0655,0.0,0.344,0.361,100.028,Energetic
0.799,0.73,-6.015,0.149,0.0435,0.0,0.0449,0.815,84.961,Happy
0.726,0.589,-7.48,0.437,0.471,0.0,0.202,0.82,76.575,Chill
0.624,0.54,-9.831,0.0501,0.037,0.822,0.058,0.665,107.047,Chill
0.684,0.413,-8.929,0.0532,0.18,0.000463,0.0976,0.337,76.041,Sad
0.814,0.569,-7.915,0.138,0.189,0.0,0.0571,0.43,102.006,Sad
0.757,0.748,-3.406,0.186,0.0691,0.0,0.196,0.94,173.97,Happy
0.745,0.732,-11.286,0.0759,0.0832,0.929,0.0691,0.954,125.0,Happy
0.756,0.7,-5.396,0.0408,0.0635,0.0,0.0778,0.734,113.988,Happy
0.766,0.551,-10.247,0.0601,0.0865,0.0,0.0627,0.887,109.999,Chill
0.902,0.585,-3.546,0.165,0.147,0.00312,0.0566,0.401,110.837,Sad
0.422,0.878,-3.006,0.0381,0.0125,6.5e-06,0.337,0.659,116.543,Happy
0.474,0.217,-13.271,0.0891,0.893,5.46e-05,0.104,0.237,102.274,Sad
0.806,0.642,-13.142,0.112,0.804,0.928,0.0955,0.534,124.017,Chill
0.568,0.674,-8.553,0.0302,0.573,0.000135,0.118,0.391,150.008,Energetic
0.763,0.707,-10.002,0.0513,0.0129,0.57,0.048,0.137,115.03,Energetic
0.752,0.749,-5.623,0.329,0.108,0.0,0.066,0.403,140.012,Energetic
0.316,0.789,-5.329,0.0584,0.702,1.08e-06,0.185,0.75,179.497,Happy
0.672,0.725,-7.832,0.0375,0.00315,0.904,0.0808,0.92,105.007,Happy
0.461,0.423,-9.161,0.0369,0.486,0.00118,0.137,0.546,146.061,Chill
0.539,0.617,-7.271,0.0337,0.464,0.0,0.0919,0.25,135.959,Sad
0.721,0.233,-11.527,0.035,0.854,0.0,0.104,0.768,97.092,Chill
0.707,0.67,-6.137,0.0323,0.164,0.00283,0.109,0.822,112.993,Happy
0.72,0.685,-5.708,0.137,0.0487,0.0,0.148,0.25,127.122,Energetic
0.761,0.476,-11.032,0.161,0.303,0.0,0.0784,0.247,128.882,Sad
0.683,0.607,-5.523,0.221,0.262,1.39e-05,0.354,0.506,141.99,Chill
0.487,0.79,-6.682,0.196,0.144,0.0,0.533,0.777,200.216,Happy
0.746,0.872,-6.073,0.113,0.000823,0.768,0.202,0.884,153.271,Happy
0.451,0.952,-6.081,0.0949,0.000918,0.0692,0.567,0.441,92.432,Energetic
0.851,0.635,-4.871,0.223,0.327,0.0,0.112,0.495,140.009,Chill
0.782,0.843,-6.19,0.268,0.234,0.0,0.159,0.761,92.007,Happy
0.558,0.871,-9.68,0.0391,0.000112,0.879,0.112,0.192,125.984,Energetic
0.639,0.685,-4.571,0.049,0.105,0.0,0.143,0.363,110.041,Energetic
0.617,0.867,-5.548,0.0977,0.00728,0.0,0.178,0.5,155.941,Happy
0.592,0.874,-5.071,0.0449,0.000259,0.00635,0.322,0.964,134.956,Happy
0.775,0.753,-7.441,0.0398,0.00647,0.0288,0.182,0.408,121.002,Energetic
0.538,0.869,-3.464,0.0275,0.047,0.0,0.14,0.369,91.972,Energetic
0.318,0.74,-5.421,0.0586,0.0426,0.0,0.18,0.205,81.667,Energetic
0.769,0.835,-5.657,0.274,0.186,0.0,0.309,0.443,132.918,Energetic
0.774,0.851,-2.795,0.255,0.0651,0.0,0.0568,0.695,180.086,Happy
0.667,0.469,-5.724,0.0357,0.315,0.0,0.0908,0.331,86.038,Sad
0.611,0.785,-6.646,0.0343,0.211,0.00264,0.25,0.95,112.579,Happy
0.713,0.827,-5.902,0.103,0.448,0.000202,0.102,0.189,100.948,Energetic
0.774,0.774,-4.19,0.0516,0.233,7.76e-05,0.138,0.489,95.998,Happy
0.744,0.725,-6.055,0.0303,0.018,9.29e-06,0.212,0.904,118.034,Happy
0.731,0.727,-6.001,0.327,0.0907,2.67e-05,0.852,0.79,176.042,Happy
0.608,0.83,-5.396,0.0948,0.597,3.5e-06,0.118,0.211,91.063,Energetic
0.82,0.801,-4.897,0.185,0.412,0.000193,0.054,0.963,153.99,Happy
0.74,0.621,-7.214,0.0401,0.561,0.0,0.0952,0.825,150.895,Chill
0.569,0.748,-6.501,0.33,0.413,0.0,0.225,0.42,85.058,Energetic
0.743,0.709,-3.922,0.0879,0.0451,5.18e-06,0.0809,0.831,170.001,Happy
0.258,0.477,-18.088,0.0529,0.101,0.642,0.94,0.888,159.698,Chill
0.715,0.624,-3.046,0.114,0.11,0.0,0.123,0.412,158.087,Sad
0.734,0.558,-6.996,0.0712,0.575,0.0,0.24,0.329,106.06,Sad
0.508,0.607,-6.844,0.0287,0.442,0.0,0.0894,0.389,143.505,Sad
0.673,0.687,-5.295,0.0623,0.269,0.0,0.181,0.524,96.964,Happy
0.712,0.285,-14.195,0.358,0.908,1.28e-06,0.102,0.682,75.335,Chill
0.795,0.878,-3.261,0.278,0.413,0.0,0.0968,0.963,149.971,Happy
0.604,0.59,-7.469,0.0318,0.362,0.0,0.0959,0.359,90.994,Sad
0.585,0.74,-6.687,0.078,0.0259,0.0,0.112,0.507,128.045,Happy
0.729,0.611,-9.209,0.119,0.00513,0.014,0.0561,0.71,160.025,Chill
0.616,0.849,-4.897,0.0373,0.311,0.0,0.311,0.638,113.065,Happy
0.726,0.909,-2.775,0.0708,0.3,0.0,0.0575,0.862,82.055,Happy
0.411,0.285,-10.97,0.0306,0.872,0.000354,0.0993,0.213,72.139,Sad
0.531,0.487,-6.744,0.0406,0.525,0.0,0.0935,0.521,134.9,Chill
0.457,0.856,-6.03,0.0365,0.132,0.0,0.188,0.714,164.032,Happy
0.59,0.846,-5.501,0.0616,0.108,0.0,0.93,0.565,167.991,Happy
0.747,0.396,-6.872,0.0358,0.672,0.0,0.13,0.84,136.801,Chill
0.516,0.726,-6.437,0.369,0.0437,0.0,0.423,0.689,113.365,Happy
0.856,0.867,-2.304,0.0854,0.212,0.0,0.116,0.549,100.698,Happy
0.637,0.931,-4.748,0.0626,0.0743,0.859,0.135,0.269,124.992,Energetic
0.469,0.735,-8.395,0.0471,0.113,0.274,0.217,0.149,130.133,Energetic
0.697,0.723,-13.247,0.0918,0.291,0.518,0.858,0.159,198.079,Energetic
0.733,0.572,-6.877,0.0406,0.537,0.0,0.085,0.823,92.064,Chill
0.641,0.508,-3.587,0.0522,0.614,0.0,0.128,0.77,176.339,Chill
0.615,0.735,-4.77,0.0268,0.146,0.0,0.196,0.47,145.432,Energetic
0.496,0.833,-3.398,0.287,0.268,0.0,0.0858,0.63,134.944,Happy
0.636,0.647,-6.97,0.0436,0.422,0.0,0.251,0.44,105.914,Sad
0.933,0.719,-5.312,0.282,0.00214,0.757,0.307,0.817,122.031,Happy
0.721,0.753,-8.504,0.0621,0.0884,0.0,0.41,0.967,134.984,Happy
0.652,0.727,-5.976,0.0582,0.504,0.0,0.469,0.165,144.738,Energetic
0.94,0.349,-11.771,0.194,0.00605,0.0226,0.109,0.537,139.946,Chill
0.614,0.694,-5.713,0.0932,0.254,2.63e-06,0.0733,0.578,163.942,Happy
0.687,0.659,-7.251,0.0269,0.132,0.000794,0.0723,0.923,102.047,Chill
0.79,0.777,-8.752,0.339,0.0889,0.00112,0.141,0.421,160.013,Energetic
0.745,0.742,-4.989,0.302,0.692,2.27e-05,0.136,0.634,96.052,Happy
0.721,0.846,-4.655,0.0433,0.312,2.37e-05,0.079,0.634,103.063,Happy
0.729,0.616,-6.422,0.249,0.458,0.0,0.082,0.532,106.486,Chill
0.888,0.429,-9.096,0.358,0.382,0.0,0.11,0.526,127.976,Chill
0.689,0.463,-8.121,0.0365,0.066,0.000152,0.145,0.864,86.998,Chill
0.767,0.643,-5.225,0.101,0.216,0.000104,0.0806,0.536,169.99,Chill
0.812,0.519,-4.823,0.0385,0.379,0.0,0.13,0.554,104.954,Chill
0.712,0.665,-6.289,0.0915,0.0369,0.0,0.113,0.242,97.951,Energetic
0.646,0.663,-9.862,0.0601,0.0992,0.0,0.442,0.845,96.025,Happy
0.819,0.623,-5.954,0.0957,0.122,0.000213,0.0892,0.554,76.974,Chill
0.779,0.842,-3.955,0.0543,0.0887,0.00372,0.032,0.592,123.999,Happy
0.429,0.268,-8.237,0.0315,0.316,6.37e-06,0.13,0.319,74.341,Sad
0.753,0.623,-10.165,0.0611,7.62e-05,0.868,0.331,0.298,134.966,Sad
0.615,0.252,-10.674,0.0317,0.976,0.000182,0.11,0.162,129.987,Sad
0.668,0.657,-4.998,0.0247,0.112,7.55e-05,0.0906,0.68,114.068,Chill
0.494,0.777,-3.009,0.13,0.335,0.0911,0.116,0.506,95.012,Happy
0.736,0.652,-10.069,0.186,0.155,0.255,0.136,0.639,93.01,Chill
0.746,0.804,-10.801,0.0708,0.000362,0.773,0.0907,0.315,123.027,Energetic
0.287,0.364,-8.295,0.0306,0.418,1.8e-05,0.185,0.11,103.777,Sad
0.638,0.766,-6.496,0.0272,0.282,5.35e-05,0.314,0.89,114.766,Happy
0.778,0.741,-6.239,0.284,0.281,0.0,0.269,0.67,83.016,Happy
0.506,0.981,-8.025,0.0866,5.39e-05,0.023,0.249,0.213,138.023,Energetic
0.466,0.612,-7.731,0.0299,0.00833,0.0,0.963,0.0986,94.974,Sad
0.583,0.629,-8.181,0.0446,0.121,0.000291,0.0645,0.147,96.006,Sad
0.738,0.662,-7.842,0.0491,0.175,0.0,0.118,0.735,120.06,Happy
0.783,0.579,-7.137,0.279,0.291,2.36e-06,0.192,0.865,143.961,Chill
0.746,0.737,-5.322,0.163,0.395,0.0,0.0863,0.645,139.995,Happy
0.857,0.723,-8.871,0.35,0.76,0.132,0.13,0.72,102.125,Happy
0.646,0.778,-5.668,0.343,0.209,0.0,0.1,0.908,125.323,Happy
0.675,0.896,-10.466,0.0564,0.0108,0.813,0.107,0.0884,128.998,Energetic
0.67,0.96,-3.458,0.101,0.0194,0.0,0.131,0.467,113.942,Energetic
0.823,0.182,-18.311,0.0403,0.903,0.0191,0.0984,0.536,113.949,Chill
0.642,0.874,-3.162,0.128,0.439,0.0,0.0821,0.829,164.81,Happy
0.89,0.629,-4.666,0.202,0.116,5.52e-05,0.188,0.664,140.98,Chill
0.843,0.437,-9.864,0.0681,0.0514,0.0,0.0837,0.565,123.959,Chill
0.645,0.186,-9.489,0.257,0.905,0.000166,0.23,0.223,84.055,Sad
0.529,0.381,-10.27,0.104,0.874,0.376,0.217,0.543,139.54,Chill
0.777,0.685,-5.837,0.043,0.00786,1.03e-05,0.356,0.535,100.05,Happy
0.552,0.864,-6.523,0.0375,0.000931,0.0199,0.0856,0.898,140.986,Happy
0.369,0.363,-8.324,0.0334,0.439,4.54e-06,0.212,0.255,93.442,Sad
0.548,0.522,-7.864,0.246,0.0182,0.0,0.0696,0.454,80.461,Sad
0.83,0.299,-17.113,0.476,0.169,0.0,0.0663,0.533,93.1,Chill
0.452,0.465,-10.006,0.0344,0.0589,0.000524,0.095,0.0832,149.586,Sad
0.636,0.495,-7.474,0.0446,0.506,0.0,0.118,0.334,119.779,Sad
0.638,0.488,-5.855,0.0621,0.292,7.01e-06,0.402,0.476,77.281,Sad
0.224,0.357,-8.732,0.0301,0.642,2.81e-05,0.156,0.201,89.897,Sad
0.757,0.868,-4.46,0.0639,0.0307,0.00219,0.0746,0.512,99.968,Happy
0.783,0.779,-8.651,0.0595,0.196,0.816,0.112,0.0352,124.987,Energetic
0.506,0.969,-3.727,0.123,0.000484,0.0,0.268,0.754,100.039,Happy
0.886,0.7,-3.863,0.294,0.237,0.0,0.138,0.286,96.101,Energetic
0.726,0.343,-9.23,0.039,0.875,0.0,0.108,0.416,83.053,Sad
0.54,0.616,-15.738,0.0334,0.566,0.0192,0.0827,0.955,128.622,Chill
0.656,0.756,-4.026,0.3,0.435,0.0,0.0934,0.645,168.031,Happy
0.488,0.784,-5.837,0.0717,0.0462,0.0,0.163,0.317,88.046,Energetic
0.682,0.669,-7.15,0.0951,0.105,0.0,0.071,0.889,79.929,Happy
0.45,0.676,-6.457,0.148,0.0381,0.0,0.13,0.638,187.641,Happy
0.404,0.806,-4.75,0.0496,0.198,0.0,0.114,0.112,148.036,Energetic
0.573,0.31,-11.134,0.296,0.94,5.65e-06,0.198,0.764,177.601,Chill
0.515,0.454,-9.268,0.0906,0.457,0.0,0.0895,0.209,130.154,Sad
0.848,0.53,-6.397,0.224,0.00858,0.000333,0.257,0.296,138.995,Sad
0.856,0.883,-3.354,0.0641,0.282,0.00358,0.0335,0.705,125.088,Happy
0.608,0.358,-10.018,0.0253,0.854,0.0186,0.113,0.365,103.94,Sad
0.577,0.961,-4.672,0.0491,0.401,0.0254,0.0914,0.931,169.946,Happy
0.645,0.23,-13.134,0.0684,0.878,0.0,0.087,0.458,129.767,Sad
0.755,0.522,-4.368,0.0575,0.533,0.0,0.0685,0.925,89.96,Chill
0.692,0.847,-1.947,0.0534,0.0238,0.0,0.441,0.712,132.053,Happy
0.762,0.487,-5.961,0.0318,0.169,0.0,0.141,0.774,90.345,Chill
0.518,0.537,-5.742,0.384,0.516,0.0,0.107,0.363,148.817,Sad
0.786,0.632,-7.334,0.168,0.475,1.53e-06,0.263,0.754,155.02,Chill
0.727,0.653,-6.046,0.193,0.472,0.0,0.097,0.563,97.994,Chill
0.705,0.568,-5.139,0.0834,0.0742,0.0,0.111,0.343,94.96,Sad
0.373,0.197,-9.576,0.0329,0.877,0.0,0.0621,0.222,114.102,Sad
0.573,0.638,-7.234,0.0326,0.681,0.0447,0.0899,0.235,69.929,Sad
0.761,0.685,-9.796,0.125,0.259,2.92e-06,0.115,0.596,103.949,Happy
0.622,0.0251,-24.907,0.056,0.996,0.945,0.0902,0.363,116.364,Sad
0.527,0.885,-3.594,0.109,0.49,0.0,0.27,0.796,159.751,Happy
0.781,0.373,-9.35,0.121,0.619,0.0,0.348,0.669,117.98,Chill
0.672,0.753,-4.863,0.0832,0.00472,0.000496,0.0559,0.421,116.948,Energetic
0.765,0.695,-6.57,0.342,0.02,0.0437,0.13,0.7,159.865,Happy
0.109,0.854,-24.356,0.0474,0.931,0.999,0.111,0.0112,85.27,Energetic
0.565,0.835,-3.379,0.0335,0.34,0.0,0.0726,0.763,105.007,Happy
0.695,0.558,-9.516,0.178,0.641,0.0,0.104,0.762,149.094,Chill
0.663,0.218,-15.449,0.139,0.848,0.0,0.15,0.214,130.242,Sad
0.684,0.443,-6.196,0.096,0.73,2.41e-05,0.228,0.786,143.237,Chill
0.694,0.876,-6.42,0.0359,0.509,0.000176,0.0945,0.83,166.011,Happy
0.821,0.819,-5.269,0.221,0.128,0.0,0.343,0.381,118.501,Energetic
0.716,0.323,-9.873,0.0495,0.759,0.0,0.216,0.443,115.124,Sad
0.671,0.833,-5.152,0.395,0.0825,0.0,0.0726,0.702,79.351,Happy
0.164,0.729,-23.674,0.0533,0.839,0.256,0.111,0.02,78.594,Energetic
0.642,0.538,-7.206,0.0696,0.0242,0.0,0.273,0.57,143.921,Chill
0.577,0.854,-4.13,0.262,0.0728,0.0,0.337,0.624,84.08,Happy
0.505,0.462,-9.469,0.031,0.11,0.0,0.393,0.198,62.015,Sad
0.466,0.441,-6.096,0.127,0.655,0.0,0.101,0.345,74.097,Sad
0.745,0.704,-5.573,0.0685,0.325,1.79e-06,0.0895,0.423,104.956,Energetic
0.756,0.762,-6.129,0.0476,0.00406,0.0,0.159,0.215,122.985,Energetic
0.783,0.37,-13.875,0.117,0.135,0.0,0.0742,0.403,75.965,Sad
0.615,0.384,-8.273,0.027,0.495,0.0,0.121,0.43,83.928,Sad
0.608,0.617,-8.851,0.0463,0.0415,0.0,0.303,0.228,115.02,Sad
0.924,0.622,-6.824,0.233,0.0995,0.0,0.0971,0.74,130.063,Chill
0.69,0.858,-4.431,0.0531,0.189,0.0,0.113,0.755,91.883,Happy
0.532,0.716,-4.512,0.0332,0.471,0.0,0.264,0.327,135.944,Energetic
0.647,0.519,-8.709,0.0317,0.337,0.298,0.109,0.301,110.976,Sad
0.716,0.832,-3.815,0.086,0.121,0.0,0.0286,0.491,95.994,Happy
0.729,0.624,-7.57,0.106,0.431,0.0,0.0659,0.766,93.009,Chill
0.537,0.521,-8.075,0.0667,0.69,0.0,0.137,0.714,76.985,Chill
0.665,0.763,-4.114,0.157,0.127,0.0,0.0794,0.832,92.026,Happy
0.879,0.686,-8.489,0.164,0.554,0.0,0.112,0.561,131.102,Happy
0.44,0.74,-5.375,0.0278,0.061,6.43e-06,0.273,0.293,100.076,Energetic
0.871,0.702,-8.025,0.253,0.296,0.0,0.0912,0.675,125.089,Happy
0.626,0.595,-4.975,0.0288,0.285,0.0,0.0859,0.65,74.986,Chill
0.724,0.911,-2.01,0.245,0.393,1.27e-05,0.296,0.947,150.132,Happy
0.796,0.924,-4.802,0.0696,0.218,1.97e-06,0.186,0.893,105.991,Happy
0.46,0.226,-12.081,0.0441,0.705,0.0,0.81,0.213,115.06,Sad
0.326,0.66,-6.68,0.0674,0.552,0.0,0.264,0.471,78.29,Energetic
0.518,0.55,-7.009,0.0299,0.4,0.0,0.119,0.493,143.918,Chill
0.347,0.54,-8.684,0.0306,0.0972,0.124,0.129,0.165,99.182,Sad
0.734,0.658,-7.16,0.049,0.014,0.803,0.0828,0.157,128.005,Sad
0.819,0.519,-7.16,0.0768,0.384,0.0,0.0898,0.452,100.039,Sad
0.784,0.915,-6.02,0.043,0.00731,0.224,0.0545,0.961,124.995,Happy
0.704,0.719,-4.05,0.0343,0.42,0.0,0.18,0.33,103.018,Energetic
0.603,0.615,-4.931,0.165,0.0799,6.72e-05,0.117,0.561,158.657,Chill
0.722,0.565,-5.848,0.0335,0.435,0.0,0.165,0.488,104.483,Sad
0.6,0.196,-11.976,0.0358,0.832,0.0,0.129,0.443,127.927,Sad
0.635,0.445,-8.185,0.0333,0.701,0.0,0.181,0.436,131.399,Sad
0.564,0.89,-6.742,0.0463,0.0191,0.792,0.0871,0.257,129.986,Energetic
0.708,0.278,-9.354,0.035,0.636,1.1e-06,0.115,0.321,87.023,Sad
0.794,0.659,-7.063,0.0498,0.143,0.00224,0.0944,0.308,112.019,Sad
0.755,0.792,-4.238,0.0484,0.028,0.0,0.0754,0.844,106.014,Happy
0.644,0.906,-4.43,0.155,0.0709,3.07e-05,0.0654,0.922,113.386,Happy
0.435,0.501,-6.954,0.0431,0.00808,0.0,0.103,0.238,175.964,Sad
0.88,0.679,-5.231,0.0991,0.122,0.0,0.347,0.529,129.996,Happy
0.71,0.422,-8.203,0.0397,0.784,0.000478,0.0908,0.572,135.993,Chill
0.662,0.891,-4.283,0.053,0.0343,1.3e-05,0.086,0.926,176.04,Happy
0.442,0.773,-7.872,0.0351,4.97e-05,0.000452,0.239,0.582,87.45,Happy
0.656,0.693,-6.42,0.071,0.039,0.0,0.0858,0.277,149.97,Energetic
0.974,0.643,-8.857,0.0452,0.105,0.00141,0.0833,0.967,117.985,Chill
0.711,0.774,-4.068,0.0308,0.0317,0.0,0.124,0.939,111.016,Happy
0.895,0.694,-8.006,0.121,0.0554,0.0638,0.28,0.84,136.008,Happy
0.442,0.387,-11.162,0.0282,0.0223,0.00469,0.109,0.117,100.02,Sad
0.813,0.477,-8.574,0.283,0.358,0.0,0.0976,0.503,122.099,Chill
0.882,0.727,-7.406,0.277,0.19,2.12e-06,0.151,0.89,122.997,Happy
0.827,0.814,-4.335,0.0631,0.109,0.000135,0.241,0.506,91.996,Happy
0.282,0.162,-10.809,0.0338,0.908,0.0,0.091,0.257,79.066,Sad
0.833,0.582,-6.987,0.0659,0.053,0.0577,0.108,0.209,125.026,Sad
0.528,0.379,-7.029,0.0248,0.788,0.0,0.134,0.23,71.933,Sad
0.594,0.854,-3.488,0.0249,0.256,0.0,0.13,0.777,97.987,Happy
0.525,0.392,-8.683,0.0278,0.852,0.0,0.128,0.153,147.094,Sad
0.647,0.874,-4.239,0.0266,0.0322,0.000331,0.0798,0.804,98.981,Happy
0.907,0.452,-6.673,0.187,0.568,0.0,0.244,0.691,92.063,Chill
0.682,0.535,-9.031,0.0311,0.767,0.00146,0.0713,0.211,130.066,Sad
0.843,0.615,-5.696,0.243,0.0891,5.51e-05,0.14,0.616,153.075,Chill
0.667,0.776,-5.789,0.0432,0.654,8.31e-05,0.166,0.943,190.766,Happy
0.791,0.839,-2.887,0.0424,0.0849,0.0,0.193,0.349,116.991,Energetic
0.78,0.898,-5.393,0.0426,0.221,0.00283,0.11,0.278,128.214,Energetic
0.855,0.651,-8.044,0.235,0.063,0.0,0.0772,0.559,111.997,Chill
0.522,0.978,-5.343,0.0568,0.00628,0.000799,0.573,0.531,135.962,Happy
0.717,0.524,-6.078,0.0724,0.0751,8.57e-06,0.103,0.266,75.007,Sad
0.519,0.629,-4.29,0.156,0.161,0.0,0.16,0.548,79.01,Chill
0.397,0.859,-6.88,0.044,6.43e-05,0.000698,0.324,0.336,156.095,Energetic
0.53,0.196,-10.915,0.0602,0.934,1.65e-05,0.219,0.144,92.661,Sad
0.306,0.871,-7.766,0.0811,0.0225,0.000481,0.92,0.544,131.014,Happy
0.822,0.678,-3.494,0.0341,0.421,2.94e-06,0.0975,0.535,83.497,Happy
0.58,0.715,-4.74,0.0397,0.677,0.0,0.243,0.46,145.91,Energetic
0.716,0.58,-7.373,0.0525,0.0961,0.0,0.293,0.444,82.019,Sad
0.714,0.82,-1.102,0.444,0.34,0.0,0.0801,0.904,78.032,Happy
0.479,0.944,-7.059,0.0523,0.012,0.0,0.102,0.261,109.998,Energetic
0.778,0.572,-6.869,0.183,0.173,0.0,0.169,0.715,160.058,Chill
0.712,0.716,-3.666,0.0418,0.516,0.0,0.0802,0.812,87.885,Happy
0.811,0.676,-6.291,0.12,0.386,0.0,0.114,0.776,140.014,Happy
0.773,0.441,-9.241,0.103,0.0013,0.0,0.0629,0.176,86.049,Sad
0.778,0.662,-5.819,0.0745,0.00233,0.000113,0.0532,0.666,162.025,Happy
0.784,0.855,-1.924,0.0584,0.121,0.0,0.0483,0.707,93.979,Happy
0.846,0.529,-11.335,0.2,0.492,0.000588,0.138,0.288,84.002,Sad
0.837,0.778,-3.553,0.172,0.28,0.0,0.117,0.784,155.983,Happy
0.691,0.665,-4.917,0.0246,0.674,1.36e-06,0.082,0.653,97.988,Happy
0.795,0.493,-7.045,0.304,0.184,0.0,0.166,0.329,90.712,Sad
0.767,0.605,-8.701,0.046,0.197,1.37e-06,0.153,0.859,135.031,Chill
0.563,0.859,-9.251,0.0302,0.00563,0.957,0.262,0.166,129.913,Energetic
0.567,0.65,-5.484,0.179,0.205,0.0,0.0603,0.386,160.165,Sad
0.583,0.71,-6.331,0.0512,0.159,0.0,0.134,0.352,158.063,Energetic
0.596,0.785,-4.7,0.0314,0.198,0.000151,0.141,0.444,87.997,Energetic
0.652,0.828,-4.785,0.0375,0.000659,0.0,0.215,0.566,124.997,Happy
0.912,0.774,-5.495,0.239,0.36,0.0,0.105,0.813,119.981,Happy
0.665,0.742,-8.255,0.159,0.00958,0.0125,0.477,0.202,112.023,Energetic
0.693,0.625,-5.635,0.0439,0.149,0.0,0.503,0.296,111.975,Sad
0.563,0.717,-5.822,0.0834,0.321,1.6e-05,0.29,0.617,119.83,Happy
0.822,0.977,-1.431,0.0509,0.462,1.17e-06,0.0489,0.824,97.094,Happy
0.919,0.289,-12.244,0.048,0.586,3.19e-06,0.075,0.866,100.042,Chill
0.606,0.749,-9.132,0.0294,0.0299,0.935,0.183,0.315,126.002,Energetic
0.493,0.658,-4.32,0.0321,0.0779,0.0,0.0863,0.286,174.964,Sad
0.74,0.623,-6.123,0.0551,0.618,0.000128,0.106,0.441,150.036,Sad
0.821,0.736,-11.398,0.142,0.0866,2.84e-06,0.119,0.838,135.002,Happy
0.876,0.369,-7.9,0.314,0.00104,0.0,0.126,0.251,111.999,Sad
0.7,0.649,-6.078,0.0366,0.00179,0.893,0.0866,0.699,105.007,Chill
0.654,0.588,-9.413,0.232,0.165,0.0,0.42,0.48,139.823,Sad
0.466,0.67,-4.701,0.0297,0.155,0.0,0.145,0.395,126.142,Energetic
0.316,0.146,-12.851,0.0397,0.935,2.03e-06,0.096,0.505,142.515,Chill
0.708,0.213,-8.266,0.0396,0.924,0.00118,0.111,0.109,80.02,Sad
0.619,0.459,-5.782,0.0334,0.56,0.0,0.137,0.498,126.803,Chill
0.722,0.595,-9.697,0.0564,0.000375,0.206,0.0757,0.397,119.989,Sad
0.442,0.932,-6.93,0.0439,4.46e-05,0.000114,0.206,0.332,135.007,Energetic
0.549,0.831,-5.247,0.0287,0.00859,0.0,0.167,0.358,80.01,Energetic
0.789,0.787,-3.931,0.0838,0.0951,0.0,0.187,0.575,90.038,Happy
0.565,0.604,-5.764,0.13,0.218,0.0,0.104,0.323,109.085,Sad
0.581,0.956,-3.493,0.0934,0.209,0.0,0.208,0.865,171.952,Happy
0.749,0.508,-13.085,0.23,0.322,0.0,0.371,0.24,92.016,Sad
0.516,0.716,-4.763,0.0416,0.163,1.72e-06,0.327,0.733,90.012,Happy
0.658,0.279,-10.396,0.157,0.719,0.0,0.106,0.36,172.351,Sad
0.609,0.542,-7.233,0.0613,0.0318,3.09e-06,0.0846,0.0968,95.072,Sad
0.433,0.94,-6.095,0.649,0.499,0.0,0.948,0.429,109.56,Energetic
0.755,0.879,-5.601,0.0837,0.0524,2.06e-05,0.45,0.603,115.977,Happy
0.657,0.83,-6.303,0.0443,0.00131,0.0,0.05,0.291,134.001,Energetic
0.542,0.709,-9.128,0.0517,0.716,0.378,0.102,0.722,176.058,Happy
0.776,0.522,-9.111,0.144,0.725,0.0,0.119,0.417,127.921,Sad
0.653,0.901,-5.138,0.0522,0.23,1.52e-05,0.126,0.627,154.988,Happy
0.494,0.59,-9.687,0.236,0.0437,0.0,0.486,0.184,127.368,Sad
0.75,0.797,-4.559,0.0371,0.36,0.0,0.094,0.555,99.927,Happy
0.944,0.474,-10.633,0.298,0.0288,9.95e-05,0.11,0.685,135.961,Chill
0.696,0.805,-4.832,0.0415,0.0315,0.0,0.336,0.872,98.027,Happy
0.544,0.41,-6.481,0.0381,0.815,0.00437,0.118,0.409,136.978,Sad
0.845,0.302,-12.396,0.256,0.777,0.0145,0.0891,0.343,93.064,Sad
0.904,0.574,-11.368,0.428,0.147,9.89e-05,0.115,0.74,149.999,Chill
0.751,0.733,-6.801,0.132,0.246,1.19e-05,0.104,0.467,106.033,Energetic
0.752,0.494,-8.18,0.0559,0.432,0.0,0.0869,0.227,117.901,Sad
0.78,0.938,-6.269,0.0491,0.0446,0.0977,0.091,0.502,125.031,Happy
0.756,0.552,-6.912,0.0596,0.119,0.0,0.104,0.4,146.095,Sad
0.771,0.596,-7.678,0.462,0.549,0.0,0.295,0.457,82.022,Sad
0.393,0.0632,-19.794,0.0411,0.982,0.665,0.139,0.494,122.512,Chill
0.441,0.703,-4.782,0.0297,0.0313,1.25e-05,0.0788,0.186,147.103,Energetic
0.604,0.935,-4.704,0.0388,0.0572,0.169,0.446,0.637,125.966,Happy
0.476,0.684,-7.804,0.239,0.111,8.89e-05,0.169,0.529,172.648,Happy
0.868,0.728,-3.338,0.11,0.0439,0.0,0.0975,0.616,112.006,Happy
0.777,0.698,-7.706,0.0704,0.293,2.32e-05,0.0908,0.119,119.963,Energetic
0.709,0.507,-8.47,0.0929,0.112,0.0133,0.0505,0.751,203.981,Chill
0.695,0.834,-5.594,0.0806,0.0826,0.0,0.0706,0.782,157.956,Happy
0.6,0.432,-10.13,0.248,0.147,0.0,0.0796,0.205,81.772,Sad
0.638,0.965,-3.525,0.437,0.00471,0.0155,0.152,0.11,131.983,Energetic
0.504,0.728,-5.089,0.0334,0.00376,0.0,0.14,0.116,150.011,Energetic
0.808,0.591,-9.299,0.0871,0.0344,0.0,0.101,0.671,155.039,Chill
0.434,0.314,-7.78,0.0577,0.786,0.0,0.163,0.347,175.077,Sad
0.722,0.734,-4.583,0.231,0.416,0.0,0.115,0.613,74.884,Happy
0.746,0.736,-4.438,0.033,0.115,0.0,0.074,0.45,99.987,Energetic
0.618,0.756,-5.175,0.0385,0.000708,0.0,0.0579,0.466,113.168,Energetic
0.891,0.511,-6.33,0.0586,0.132,0.0,0.076,0.747,106.077,Chill
0.632,0.923,-2.612,0.0526,0.00441,0.0,0.306,0.598,137.967,Happy
0.683,0.909,-3.878,0.0671,0.00249,0.00104,0.0751,0.757,132.019,Happy
0.707,0.915,-2.991,0.0419,0.0655,0.0,0.183,0.769,137.972,Happy
0.529,0.9,-3.503,0.418,0.000248,1.21e-05,0.0426,0.434,180.291,Energetic
0.616,0.565,-7.777,0.515,0.837,0.0,0.137,0.859,77.287,Chill
0.783,0.84,-4.704,0.0419,0.0988,0.0,0.0862,0.935,96.983,Happy
0.377,0.361,-10.553,0.029,0.796,5.52e-06,0.178,0.29,169.771,Sad
0.736,0.559,-9.225,0.293,0.559,0.00096,0.0886,0.0354,150.049,Sad
0.611,0.917,-4.438,0.0361,0.301,0.0,0.0551,0.74,139.98,Happy
0.624,0.689,-6.007,0.14,0.0493,4.73e-06,0.184,0.424,92.001,Energetic
0.828,0.702,-7.996,0.271,0.0265,2.48e-05,0.0762,0.846,150.077,Happy
0.665,0.253,-15.004,0.174,0.753,5.98e-06,0.0984,0.35,93.1,Sad
0.531,0.935,-1.759,0.14,0.00207,0.0871,0.0716,0.434,150.049,Energetic
0.672,0.839,-3.714,0.0783,0.16,0.0,0.212,0.607,81.997,Happy
0.641,0.663,-5.953,0.0354,0.0113,0.000268,0.126,0.571,137.968,Happy
0.742,0.841,-5.307,0.069,0.00577,0.0,0.165,0.65,91.992,Happy
0.697,0.777,-3.105,0.106,0.125,0.0,0.228,0.697,96.957,Happy
0.774,0.473,-5.122,0.0569,0.221,0.0,0.222,0.416,97.953,Sad
0.539,0.449,-9.03,0.0581,0.273,3.5e-06,0.21,0.349,97.93,Sad
0.874,0.962,-1.707,0.0516,0.136,0.328,0.319,0.968,133.007,Happy
0.955,0.799,-4.95,0.0444,0.059,0.00036,0.0784,0.124,131.013,Energetic
0.424,0.88,-3.351,0.0502,0.0137,0.0,0.334,0.419,153.03,Energetic
0.513,0.81,-5.468,0.0613,0.213,0.0,0.204,0.667,147.89,Happy
0.634,0.728,-5.108,0.368,0.565,0.0,0.0955,0.847,91.628,Happy
0.773,0.567,-11.887,0.194,0.799,0.0155,0.119,0.795,100.017,Chill
0.643,0.365,-7.374,0.0293,0.844,0.0,0.332,0.576,75.007,Chill
0.519,0.517,-6.643,0.181,0.201,0.0,0.217,0.616,73.981,Chill
0.519,0.0759,-16.62,0.0349,0.984,0.00191,0.106,0.152,125.161,Sad
0.701,0.964,-5.619,0.0473,0.02,0.0245,0.128,0.961,122.973,Happy
0.943,0.443,-10.098,0.138,0.188,0.00225,0.282,0.621,109.908,Chill
0.66,0.771,-4.138,0.141,0.651,0.0,0.309,0.421,94.925,Energetic
0.803,0.589,-5.889,0.0954,0.442,1.15e-06,0.634,0.562,140.057,Chill
0.781,0.52,-6.023,0.0479,0.376,0.0,0.111,0.567,115.036,Chill
0.743,0.508,-8.024,0.0517,0.463,0.000153,0.223,0.255,91.002,Sad
0.629,0.559,-6.289,0.0709,0.702,0.0,0.18,0.468,76.008,Sad
0.342,0.939,-7.819,0.116,0.00248,0.857,0.179,0.243,171.677,Energetic
0.646,0.46,-9.746,0.0382,0.77,0.0168,0.351,0.371,95.002,Sad
0.748,0.538,-3.877,0.0277,0.408,0.0,0.219,0.749,130.229,Chill
0.791,0.629,-7.575,0.0831,0.354,0.0824,0.129,0.75,100.02,Chill
0.721,0.433,-15.6,0.405,0.586,1.35e-06,0.139,0.795,160.096,Chill
0.746,0.787,-6.373,0.12,0.214,0.0,0.0669,0.607,95.005,Happy
0.333,0.824,-8.734,0.121,0.000664,7.91e-05,0.163,0.716,158.396,Happy
0.652,0.708,-4.227,0.147,0.193,0.0,0.0856,0.39,94.732,Energetic
0.474,0.738,-7.156,0.0589,0.0359,0.0,0.684,0.688,121.844,Happy
0.786,0.552,-8.189,0.0944,0.423,0.0,0.0873,0.551,96.025,Chill
0.877,0.637,-6.415,0.164,0.118,8.49e-06,0.209,0.47,122.015,Sad
0.82,0.471,-9.47,0.218,0.447,4.79e-05,0.118,0.367,140.96,Sad
0.945,0.632,-7.282,0.308,0.0413,0.0,0.595,0.581,113.995,Chill
0.679,0.442,-8.928,0.0637,0.723,0.0,0.231,0.628,129.671,Chill
0.35,0.964,-3.023,0.34,0.00261,4.53e-05,0.247,0.312,155.088,Energetic
0.657,0.816,-6.042,0.297,0.48,0.0,0.147,0.205,160.173,Energetic
0.531,0.927,-8.246,0.0438,0.000362,0.878,0.108,0.102,140.02,Energetic
0.438,0.852,-4.124,0.0438,0.000621,0.0,0.091,0.428,164.095,Energetic
0.458,0.955,-7.587,0.0851,0.00143,0.942,0.103,0.176,137.968,Energetic
0.787,0.713,-5.252,0.401,0.0849,0.0,0.717,0.761,175.046,Happy
0.683,0.644,-10.155,0.0312,0.635,0.182,0.0886,0.702,118.579,Chill
0.687,0.861,-4.437,0.0831,0.0778,0.0,0.0489,0.72,151.975,Happy
0.814,0.719,-5.262,0.0424,0.112,1.15e-06,0.0714,0.455,126.977,Energetic
0.51,0.869,-1.428,0.0521,0.203,0.0,0.0952,0.969,80.762,Happy
0.749,0.397,-10.89,0.0934,0.152,0.739,0.135,0.506,90.079,Chill
0.687,0.411,-8.619,0.0338,0.866,0.0,0.0967,0.184,101.851,Sad
0.671,0.889,-4.014,0.0371,0.0614,0.00956,0.319,0.879,131.965,Happy
0.825,0.458,-12.601,0.375,0.484,0.0,0.17,0.802,149.982,Chill
0.479,0.989,-8.512,0.0653,8.92e-05,0.953,0.175,0.607,138.023,Happy
0.514,0.548,-7.145,0.0381,0.669,0.0,0.0849,0.383,153.794,Sad
0.745,0.732,-11.286,0.0759,0.0832,0.929,0.0691,0.954,125.0,Happy
0.567,0.779,-6.417,0.0504,0.203,7.23e-05,0.268,0.472,83.994,Energetic
0.609,0.218,-14.225,0.034,0.849,3.65e-05,0.107,0.386,112.203,Sad
0.62,0.592,-7.882,0.202,0.44,9.84e-06,0.109,0.142,160.016,Sad
0.431,0.407,-9.673,0.0296,0.758,0.0762,0.113,0.478,166.044,Sad
0.679,0.948,-6.095,0.0432,0.0355,0.0409,0.0719,0.906,122.988,Happy
0.599,0.55,-8.581,0.0318,0.172,0.00186,0.123,0.222,118.956,Sad
0.653,0.709,-3.19,0.0656,0.0707,0.0,0.0878,0.671,87.01,Happy
0.711,0.589,-7.337,0.032,0.0516,0.0,0.061,0.458,116.031,Sad
0.424,0.614,-6.719,0.0319,0.15,0.0,0.338,0.386,144.283,Sad
0.596,0.709,-6.256,0.319,0.492,0.0,0.124,0.333,94.162,Energetic
0.698,0.634,-6.121,0.0742,0.139,4.89e-06,0.338,0.528,159.992,Chill
0.817,0.297,-13.695,0.0553,0.722,0.0,0.101,0.443,100.031,Sad
0.506,0.483,-6.947,0.0784,0.134,0.0,0.17,0.838,169.948,Chill
0.564,0.95,-3.82,0.101,0.00911,0.0686,0.589,0.215,161.451,Energetic
0.697,0.874,-2.15,0.045,0.0122,0.0,0.627,0.775,132.022,Happy
0.705,0.664,-9.542,0.0467,0.0132,0.00144,0.0676,0.541,153.048,Happy
0.681,0.449,-10.842,0.0731,0.286,0.0,0.482,0.481,130.255,Sad
0.63,0.521,-14.604,0.403,0.0329,0.0,0.458,0.507,157.965,Chill
0.339,0.412,-7.766,0.0711,0.108,1.29e-05,0.0873,0.348,161.193,Sad
0.785,0.78,-8.245,0.0341,0.0123,0.0224,0.104,0.95,139.915,Happy
0.711,0.757,-4.188,0.29,0.268,0.0,0.367,0.724,174.013,Happy
0.269,0.0676,-20.812,0.0355,0.954,0.697,0.0872,0.103,92.8,Sad
0.541,0.791,-3.282,0.0343,0.0314,0.0,0.194,0.22,84.952,Energetic
0.634,0.823,-5.01,0.0367,0.322,2.53e-05,0.317,0.964,157.878,Happy
0.806,0.368,-12.745,0.868,0.363,0.0,0.11,0.457,81.034,Sad
0.595,0.677,-6.787,0.0446,0.353,5.12e-06,0.153,0.385,99.939,Energetic
0.41,0.729,-5.253,0.4,0.499,0.0,0.124,0.593,75.301,Happy
0.791,0.706,-5.222,0.04,0.0883,6.52e-05,0.147,0.525,121.978,Happy
0.648,0.468,-8.119,0.38,0.166,0.0,0.17,0.455,191.862,Sad
0.763,0.495,-8.685,0.272,0.0887,0.0,0.07,0.347,154.794,Sad
0.819,0.682,-7.668,0.1,0.0255,7.39e-05,0.222,0.332,121.993,Energetic
0.348,0.369,-5.743,0.0299,0.673,0.0,0.355,0.161,136.312,Sad
0.533,0.918,-2.095,0.0616,0.00894,0.0,0.643,0.662,92.504,Happy
0.423,0.97,-8.051,0.0472,0.00128,0.948,0.101,0.569,138.006,Happy
0.506,0.787,-5.73,0.0537,0.203,9.17e-05,0.124,0.219,196.024,Energetic
0.605,0.389,-9.568,0.0669,0.57,0.0,0.329,0.652,186.201,Chill
0.376,0.82,-6.557,0.0415,0.00333,0.901,0.187,0.0743,75.969,Energetic
0.733,0.897,-3.652,0.0389,0.0391,0.0,0.117,0.649,96.006,Happy
0.463,0.218,-10.876,0.0425,0.912,0.0,0.767,0.241,139.293,Sad
0.716,0.537,-7.273,0.0571,0.254,0.0,0.0773,0.282,89.972,Sad
0.811,0.692,-2.836,0.105,0.00937,0.0,0.0598,0.817,125.009,Happy
0.467,0.514,-9.007,0.0274,0.159,8.33e-06,0.316,0.599,157.869,Chill
0.592,0.474,-10.077,0.0511,0.568,0.000613,0.115,0.245,75.031,Sad
0.363,0.924,-2.93,0.0502,0.0102,0.0282,0.137,0.169,149.992,Energetic
0.599,0.939,-4.387,0.05,0.228,3.56e-05,0.0723,0.585,99.97,Happy
0.628,0.361,-9.318,0.0331,0.454,0.0,0.119,0.226,85.072,Sad
0.598,0.427,-8.764,0.0317,0.0546,5.83e-06,0.21,0.0605,76.469,Sad
0.395,0.625,-4.031,0.029,0.0342,0.0,0.107,0.388,148.08,Sad
0.637,0.301,-9.077,0.139,0.191,0.592,0.108,0.256,50.2,Sad
0.76,0.774,-5.049,0.115,0.0615,0.0,0.239,0.544,117.076,Happy
0.491,0.0477,-20.83,0.044,0.837,0.872,0.0987,0.274,110.002,Sad
